"dato","fangst_i_kg"
"2013-01-02","51137"
"2013-01-03","63370"
"2013-01-04","111289"
"2013-01-05","72832"
"2013-01-06","28929"
"2013-01-07","208674"
"2013-01-08","58826"
"2013-01-09","39391"
"2013-01-10","117916"
"2013-01-11","141315"
"2013-01-12","157793"
"2013-01-13","87401"
"2013-01-14","479504"
"2013-01-15","409747"
"2013-01-16","1277846"
"2013-01-17","151006"
"2013-01-18","68106"
"2013-01-19","128639"
"2013-01-20","250139"
"2013-01-21","253171"
"2013-01-22","30920"
"2013-01-23","688964"
"2013-01-24","459861"
"2013-01-25","1280000"
"2013-01-26","989808"
"2013-01-27","542629"
"2013-01-28","761545"
"2013-01-29","852980"
"2013-01-30","1384644"
"2013-01-31","1119862"
"2013-02-01","902003"
"2013-02-02","352098"
"2013-02-03","244796"
"2013-02-04","1531474"
"2013-02-05","1112190"
"2013-02-06","2405495"
"2013-02-07","851239"
"2013-02-08","1362782"
"2013-02-09","259710"
"2013-02-10","85246"
"2013-02-11","942440"
"2013-02-12","955591"
"2013-02-13","969048"
"2013-02-14","778304"
"2013-02-15","743514"
"2013-02-16","220863"
"2013-02-17","159868"
"2013-02-18","1081764"
"2013-02-19","905856"
"2013-02-20","579650"
"2013-02-21","578296"
"2013-02-22","776178"
"2013-02-23","282337"
"2013-02-24","172146"
"2013-02-25","98598"
"2013-02-26","177287"
"2013-02-27","197999"
"2013-02-28","1095401"
"2013-03-01","571037"
"2013-03-02","601526"
"2013-03-03","355452"
"2013-03-04","865739"
"2013-03-05","637727"
"2013-03-06","1434217"
"2013-03-07","118928"
"2013-03-08","616022"
"2013-03-09","645326"
"2013-03-10","135073"
"2013-03-11","783586"
"2013-03-12","780090"
"2013-03-13","837127"
"2013-03-14","808999"
"2013-03-15","817439"
"2013-03-16","255499"
"2013-03-17","152360"
"2013-03-18","641889"
"2013-03-19","844090"
"2013-03-20","721358"
"2013-03-21","438006"
"2013-03-22","738605"
"2013-03-23","233758"
"2013-03-24","133650"
"2013-03-25","631659"
"2013-03-26","90059"
"2013-03-27","75608"
"2013-03-28","3284"
"2013-03-29","5276"
"2013-03-30","5003"
"2013-03-31","7160"
"2013-04-01","57304"
"2013-04-02","64976"
"2013-04-03","1577040"
"2013-04-04","321584"
"2013-04-05","791529"
"2013-04-06","209548"
"2013-04-07","136581"
"2013-04-08","309466"
"2013-04-09","530280"
"2013-04-10","144799"
"2013-04-11","316691"
"2013-04-12","220057"
"2013-04-13","178604"
"2013-04-14","77894"
"2013-04-15","428380"
"2013-04-16","646116"
"2013-04-17","108476"
"2013-04-18","218496"
"2013-04-19","140795"
"2013-04-22","59504"
"2013-04-23","162908"
"2013-04-24","34338"
"2013-04-25","57695"
"2013-04-26","62095"
"2013-04-27","249457"
"2013-04-28","3309"
"2013-04-29","86494"
"2013-04-30","42834"
"2013-05-01","186747"
"2013-05-02","34238"
"2013-05-03","31463"
"2013-05-04","9341"
"2013-05-05","2548"
"2013-05-06","17771"
"2013-05-07","657"
"2013-05-08","4082"
"2013-05-09","5105"
"2013-05-10","28510"
"2013-05-11","5646"
"2013-05-12","2538"
"2013-05-13","189279"
"2013-05-14","11193"
"2013-05-15","9728"
"2013-05-16","7481"
"2013-05-17","1628"
"2013-05-18","3423"
"2013-05-19","982"
"2013-05-20","3145"
"2013-05-21","121303"
"2013-05-22","12197"
"2013-05-23","10836"
"2013-05-24","8365"
"2013-05-25","7187"
"2013-05-26","204835"
"2013-05-27","87713"
"2013-05-28","5655"
"2013-05-29","4041"
"2013-05-30","5810"
"2013-05-31","5985"
"2013-06-01","4331"
"2013-06-03","6323"
"2013-06-04","117990"
"2013-06-05","3605"
"2013-06-06","6345"
"2013-06-07","2964"
"2013-06-08","3702"
"2013-06-10","2564"
"2013-06-11","139982"
"2013-06-12","420438"
"2013-06-13","216142"
"2013-06-14","5570"
"2013-06-15","1794"
"2013-06-16","1322"
"2013-06-17","3008"
"2013-06-18","5607"
"2013-06-19","8680"
"2013-06-20","8323"
"2013-06-21","7445"
"2013-06-22","2476"
"2013-06-24","9562"
"2013-06-25","365718"
"2013-06-26","9522"
"2013-06-27","8219"
"2013-06-28","347"
"2013-06-29","4077"
"2013-06-30","922860"
"2013-07-01","163077"
"2013-07-02","660164"
"2013-07-03","661812"
"2013-07-04","480"
"2013-07-05","197"
"2013-07-08","90755"
"2013-07-09","24"
"2013-07-10","23"
"2013-07-11","129"
"2013-07-12","298"
"2013-07-14","51551"
"2013-07-15","26895"
"2013-07-16","79"
"2013-07-17","198938"
"2013-07-18","149"
"2013-07-19","1270"
"2013-07-22","614243"
"2013-07-23","669"
"2013-07-24","1071"
"2013-07-25","581"
"2013-07-26","101"
"2013-07-28","30"
"2013-07-29","885"
"2013-07-30","1655"
"2013-07-31","1109"
"2013-08-01","916559"
"2013-08-02","705046"
"2013-08-03","1290"
"2013-08-04","32"
"2013-08-05","3290"
"2013-08-06","3632"
"2013-08-07","3423"
"2013-08-08","1913"
"2013-08-09","1538"
"2013-08-10","540"
"2013-08-12","673059"
"2013-08-13","3294"
"2013-08-14","4054"
"2013-08-15","4741"
"2013-08-16","11172"
"2013-08-17","632"
"2013-08-18","150"
"2013-08-19","3211"
"2013-08-20","525"
"2013-08-21","201920"
"2013-08-22","332"
"2013-08-23","48443"
"2013-08-24","765"
"2013-08-25","45"
"2013-08-26","4550"
"2013-08-27","30816"
"2013-08-28","314"
"2013-08-29","894"
"2013-08-30","769"
"2013-08-31","678"
"2013-09-01","287"
"2013-09-02","3488"
"2013-09-03","3347"
"2013-09-04","690"
"2013-09-05","3043"
"2013-09-06","521"
"2013-09-07","516"
"2013-09-09","4252"
"2013-09-10","3926"
"2013-09-11","324997"
"2013-09-12","1995"
"2013-09-13","1976"
"2013-09-14","347"
"2013-09-15","14"
"2013-09-16","2952"
"2013-09-17","1496"
"2013-09-18","1478"
"2013-09-19","13944"
"2013-09-20","13201"
"2013-09-21","317922"
"2013-09-23","3730"
"2013-09-24","1874"
"2013-09-25","4416"
"2013-09-26","357081"
"2013-09-27","259289"
"2013-09-28","96"
"2013-09-30","945"
"2013-10-01","163524"
"2013-10-02","29"
"2013-10-03","3"
"2013-10-04","245"
"2013-10-05","47"
"2013-10-07","1059"
"2013-10-08","313"
"2013-10-09","1684"
"2013-10-10","1523"
"2013-10-11","673"
"2013-10-12","330"
"2013-10-14","1425"
"2013-10-15","1434"
"2013-10-16","1386"
"2013-10-17","2986"
"2013-10-18","1994"
"2013-10-19","289"
"2013-10-21","479504"
"2013-10-22","1930"
"2013-10-23","1153"
"2013-10-24","561318"
"2013-10-25","449"
"2013-10-26","428"
"2013-10-28","5439"
"2013-10-29","3831"
"2013-10-30","925509"
"2013-10-31","1442"
"2013-11-01","4742"
"2013-11-02","1271"
"2013-11-03","708"
"2013-11-04","6717"
"2013-11-05","17568"
"2013-11-06","313709"
"2013-11-07","4887"
"2013-11-08","5049"
"2013-11-09","2232"
"2013-11-10","702122"
"2013-11-11","1217"
"2013-11-12","742"
"2013-11-13","440"
"2013-11-14","2219"
"2013-11-15","282"
"2013-11-18","183"
"2013-11-19","356"
"2013-11-20","5237"
"2013-11-21","8439"
"2013-11-22","621957"
"2013-11-25","50"
"2013-11-26","513781"
"2013-11-27","4734"
"2013-11-28","1187"
"2013-11-29","6014"
"2013-11-30","609936"
"2013-12-01","846"
"2013-12-02","593442"
"2013-12-03","90304"
"2013-12-04","2882"
"2013-12-05","14262"
"2013-12-06","9925"
"2013-12-07","9703"
"2013-12-08","160403"
"2013-12-09","15659"
"2013-12-10","330870"
"2013-12-11","164"
"2013-12-12","3585"
"2013-12-13","776"
"2013-12-14","5438"
"2013-12-15","6057"
"2013-12-16","8487"
"2013-12-17","10508"
"2013-12-18","8793"
"2013-12-19","1474"
"2013-12-20","92483"
"2013-12-21","568757"
"2013-12-22","1593919"
"2013-12-26","566459"
"2013-12-28","717"
"2013-12-29","30"
"2013-12-30","351"
"2013-12-31","479"
"2014-01-01","118473"
"2014-01-02","60501"
"2014-01-03","96157"
"2014-01-04","81414"
"2014-01-05","11310"
"2014-01-06","161668"
"2014-01-07","136755"
"2014-01-08","168192"
"2014-01-09","65494"
"2014-01-10","158219"
"2014-01-11","212245"
"2014-01-12","129926"
"2014-01-13","1304488"
"2014-01-14","404561"
"2014-01-15","1173519"
"2014-01-16","851240"
"2014-01-17","623576"
"2014-01-18","1166841"
"2014-01-19","245361"
"2014-01-20","802038"
"2014-01-21","642576"
"2014-01-22","1319673"
"2014-01-23","1030239"
"2014-01-24","805331"
"2014-01-25","350429"
"2014-01-26","228638"
"2014-01-27","670725"
"2014-01-28","1577646"
"2014-01-29","654108"
"2014-01-30","821805"
"2014-01-31","908087"
"2014-02-01","587042"
"2014-02-02","291656"
"2014-02-03","795498"
"2014-02-04","372751"
"2014-02-05","1123857"
"2014-02-06","1840429"
"2014-02-07","1182059"
"2014-02-08","536215"
"2014-02-09","429672"
"2014-02-10","1279652"
"2014-02-11","1282382"
"2014-02-12","1338727"
"2014-02-13","1897431"
"2014-02-14","909120"
"2014-02-15","807303"
"2014-02-16","203240"
"2014-02-17","1471737"
"2014-02-18","1335942"
"2014-02-19","1064105"
"2014-02-20","1124288"
"2014-02-21","837464"
"2014-02-22","397606"
"2014-02-23","212009"
"2014-02-24","244603"
"2014-02-25","49066"
"2014-02-26","937799"
"2014-02-27","1742175"
"2014-02-28","1070145"
"2014-03-01","812918"
"2014-03-02","426056"
"2014-03-03","1252164"
"2014-03-04","1304559"
"2014-03-05","1151923"
"2014-03-06","251291"
"2014-03-07","81531"
"2014-03-08","19415"
"2014-03-09","42997"
"2014-03-10","14800"
"2014-03-11","95144"
"2014-03-12","725703"
"2014-03-13","220139"
"2014-03-14","53146"
"2014-03-15","1522"
"2014-03-16","174019"
"2014-03-17","993190"
"2014-03-18","863277"
"2014-03-19","810051"
"2014-03-20","653193"
"2014-03-21","332764"
"2014-03-22","235165"
"2014-03-23","156505"
"2014-03-24","1076471"
"2014-03-25","515478"
"2014-03-26","461300"
"2014-03-27","730754"
"2014-03-28","823339"
"2014-03-29","150616"
"2014-03-30","35570"
"2014-03-31","650551"
"2014-04-01","557945"
"2014-04-02","97828"
"2014-04-03","164680"
"2014-04-04","415737"
"2014-04-05","46110"
"2014-04-06","95721"
"2014-04-07","420643"
"2014-04-08","206129"
"2014-04-09","221573"
"2014-04-10","354554"
"2014-04-11","134783"
"2014-04-12","38397"
"2014-04-13","76276"
"2014-04-14","55105"
"2014-04-15","9878"
"2014-04-16","6630"
"2014-04-21","8453"
"2014-04-22","4661"
"2014-04-23","48998"
"2014-04-24","57820"
"2014-04-25","78696"
"2014-04-26","34962"
"2014-04-28","464377"
"2014-04-29","11864"
"2014-04-30","23636"
"2014-05-01","5595"
"2014-05-02","192495"
"2014-05-03","7281"
"2014-05-04","2145"
"2014-05-05","23168"
"2014-05-06","18192"
"2014-05-07","9637"
"2014-05-08","7315"
"2014-05-09","9670"
"2014-05-10","2405"
"2014-05-11","2798"
"2014-05-12","7310"
"2014-05-13","5443"
"2014-05-14","8078"
"2014-05-15","246353"
"2014-05-16","223625"
"2014-05-19","3416"
"2014-05-20","5328"
"2014-05-21","4353"
"2014-05-22","27445"
"2014-05-23","6368"
"2014-05-24","4559"
"2014-05-26","4328"
"2014-05-27","412524"
"2014-05-28","19770"
"2014-05-29","150"
"2014-05-30","5819"
"2014-05-31","4364"
"2014-06-01","8"
"2014-06-02","8169"
"2014-06-03","16298"
"2014-06-04","56976"
"2014-06-05","22596"
"2014-06-06","23184"
"2014-06-07","20"
"2014-06-10","606939"
"2014-06-11","9347"
"2014-06-12","15751"
"2014-06-13","7289"
"2014-06-14","2535"
"2014-06-16","379959"
"2014-06-17","418850"
"2014-06-18","2900"
"2014-06-19","3657"
"2014-06-20","13203"
"2014-06-21","117"
"2014-06-23","4617"
"2014-06-24","5168"
"2014-06-25","5297"
"2014-06-26","1992"
"2014-06-27","1070"
"2014-06-28","852"
"2014-06-29","500"
"2014-06-30","44733"
"2014-07-01","258959"
"2014-07-02","26677"
"2014-07-03","1097"
"2014-07-04","343047"
"2014-07-05","17"
"2014-07-07","9995"
"2014-07-08","865222"
"2014-07-09","24897"
"2014-07-10","23681"
"2014-07-11","380"
"2014-07-12","141"
"2014-07-14","7768"
"2014-07-15","5327"
"2014-07-16","11647"
"2014-07-17","26422"
"2014-07-18","262760"
"2014-07-19","311"
"2014-07-21","472"
"2014-07-22","952520"
"2014-07-23","485"
"2014-07-24","957"
"2014-07-25","21033"
"2014-07-26","349"
"2014-07-28","1412"
"2014-07-29","1628"
"2014-07-30","888"
"2014-07-31","17987"
"2014-08-01","813"
"2014-08-02","669"
"2014-08-04","687273"
"2014-08-05","1810"
"2014-08-06","229710"
"2014-08-07","13320"
"2014-08-08","2027"
"2014-08-09","1598"
"2014-08-10","110"
"2014-08-11","2366"
"2014-08-12","1185"
"2014-08-13","15877"
"2014-08-14","559579"
"2014-08-15","890"
"2014-08-16","1154"
"2014-08-17","35"
"2014-08-18","175587"
"2014-08-19","743"
"2014-08-20","1050"
"2014-08-21","1067"
"2014-08-22","593"
"2014-08-23","1473"
"2014-08-24","1682"
"2014-08-25","2841"
"2014-08-26","1718"
"2014-08-27","2494"
"2014-08-28","190902"
"2014-08-29","4390"
"2014-08-30","1555"
"2014-08-31","785"
"2014-09-01","4523"
"2014-09-02","21087"
"2014-09-03","51335"
"2014-09-04","474"
"2014-09-05","1362"
"2014-09-06","1898"
"2014-09-07","349"
"2014-09-08","2616"
"2014-09-09","895369"
"2014-09-10","467"
"2014-09-11","12089"
"2014-09-12","908"
"2014-09-13","1296"
"2014-09-15","416"
"2014-09-16","4853"
"2014-09-17","3378"
"2014-09-18","377217"
"2014-09-19","2118"
"2014-09-20","1512"
"2014-09-22","1060"
"2014-09-23","4774"
"2014-09-24","4124"
"2014-09-25","1532"
"2014-09-26","316449"
"2014-09-27","89"
"2014-09-29","587"
"2014-09-30","1122"
"2014-10-01","3182"
"2014-10-02","1033"
"2014-10-03","610419"
"2014-10-04","638"
"2014-10-05","496"
"2014-10-06","7641"
"2014-10-07","151691"
"2014-10-08","2458"
"2014-10-09","2049"
"2014-10-10","664275"
"2014-10-11","557590"
"2014-10-12","366"
"2014-10-13","29646"
"2014-10-14","4865"
"2014-10-15","6175"
"2014-10-16","5172"
"2014-10-17","15344"
"2014-10-18","1355"
"2014-10-19","150"
"2014-10-20","4305"
"2014-10-21","2731"
"2014-10-22","1316"
"2014-10-23","285"
"2014-10-24","974"
"2014-10-25","814"
"2014-10-26","438"
"2014-10-27","1176"
"2014-10-28","368069"
"2014-10-29","1171992"
"2014-10-30","1835"
"2014-10-31","2256"
"2014-11-01","2555"
"2014-11-03","1508"
"2014-11-04","97"
"2014-11-05","3059"
"2014-11-06","3889"
"2014-11-07","686969"
"2014-11-08","2513"
"2014-11-09","734"
"2014-11-10","2505"
"2014-11-11","242939"
"2014-11-12","185749"
"2014-11-13","8964"
"2014-11-14","6233"
"2014-11-15","2326"
"2014-11-16","515"
"2014-11-17","14156"
"2014-11-18","523561"
"2014-11-19","5207"
"2014-11-20","733325"
"2014-11-21","2225"
"2014-11-22","3327"
"2014-11-23","595"
"2014-11-24","358398"
"2014-11-25","4142"
"2014-11-26","218396"
"2014-11-27","180879"
"2014-11-28","7720"
"2014-11-29","134719"
"2014-11-30","39"
"2014-12-01","8795"
"2014-12-02","3110"
"2014-12-03","4305"
"2014-12-04","395"
"2014-12-05","314937"
"2014-12-06","96"
"2014-12-08","2051"
"2014-12-09","418421"
"2014-12-10","5026"
"2014-12-11","5894"
"2014-12-12","7044"
"2014-12-13","5943"
"2014-12-14","2219"
"2014-12-15","418787"
"2014-12-16","4309"
"2014-12-17","27356"
"2014-12-18","127565"
"2014-12-19","1236"
"2014-12-20","36"
"2014-12-21","173"
"2014-12-22","372858"
"2014-12-29","1835"
"2014-12-30","1242"
"2014-12-31","507"
"2015-01-02","2075"
"2015-01-03","11250"
"2015-01-04","9175"
"2015-01-05","53002"
"2015-01-06","28062"
"2015-01-07","69076"
"2015-01-08","67324"
"2015-01-09","82955"
"2015-01-10","60729"
"2015-01-11","110918"
"2015-01-12","111486"
"2015-01-13","40798"
"2015-01-14","220247"
"2015-01-15","120106"
"2015-01-16","129439"
"2015-01-17","121149"
"2015-01-18","35214"
"2015-01-19","183616"
"2015-01-20","462926"
"2015-01-21","198801"
"2015-01-22","238685"
"2015-01-23","188824"
"2015-01-24","155106"
"2015-01-25","219434"
"2015-01-26","160975"
"2015-01-27","126651"
"2015-01-28","385103"
"2015-01-29","94217"
"2015-01-30","114350"
"2015-01-31","436380"
"2015-02-01","676213"
"2015-02-02","356745"
"2015-02-03","659025"
"2015-02-04","647042"
"2015-02-05","199505"
"2015-02-06","155496"
"2015-02-07","41482"
"2015-02-08","12184"
"2015-02-09","601251"
"2015-02-10","12434"
"2015-02-11","24478"
"2015-02-12","161"
"2015-02-13","106851"
"2015-02-14","547273"
"2015-02-15","441519"
"2015-02-16","501715"
"2015-02-17","336271"
"2015-02-18","262584"
"2015-02-19","755613"
"2015-02-20","721643"
"2015-02-21","1034059"
"2015-02-22","502047"
"2015-02-23","801943"
"2015-02-24","1251595"
"2015-02-25","1128756"
"2015-02-26","937543"
"2015-02-27","901822"
"2015-02-28","298190"
"2015-03-01","246344"
"2015-03-02","658985"
"2015-03-03","1085043"
"2015-03-04","1598768"
"2015-03-05","1384915"
"2015-03-06","589215"
"2015-03-07","184442"
"2015-03-08","12441"
"2015-03-09","631089"
"2015-03-10","592652"
"2015-03-11","730323"
"2015-03-12","265459"
"2015-03-13","22194"
"2015-03-14","88756"
"2015-03-15","400189"
"2015-03-16","203461"
"2015-03-17","686697"
"2015-03-18","796323"
"2015-03-19","300383"
"2015-03-20","570674"
"2015-03-21","939161"
"2015-03-22","633602"
"2015-03-23","672150"
"2015-03-24","609176"
"2015-03-25","561219"
"2015-03-26","1074473"
"2015-03-27","907326"
"2015-03-28","290243"
"2015-03-29","290469"
"2015-03-30","527378"
"2015-03-31","579346"
"2015-04-01","1026077"
"2015-04-02","127432"
"2015-04-03","120901"
"2015-04-04","172423"
"2015-04-05","136066"
"2015-04-06","10193"
"2015-04-07","779673"
"2015-04-08","410576"
"2015-04-09","158903"
"2015-04-10","310557"
"2015-04-11","226970"
"2015-04-12","283783"
"2015-04-13","512985"
"2015-04-14","322119"
"2015-04-15","150410"
"2015-04-16","234130"
"2015-04-17","163631"
"2015-04-18","17861"
"2015-04-20","80168"
"2015-04-21","2663"
"2015-04-22","727"
"2015-04-23","435448"
"2015-04-24","34829"
"2015-04-25","65728"
"2015-04-26","1500"
"2015-04-27","85595"
"2015-04-28","4937"
"2015-04-29","44695"
"2015-04-30","41661"
"2015-05-01","7955"
"2015-05-02","32572"
"2015-05-03","5873"
"2015-05-04","29214"
"2015-05-05","23146"
"2015-05-06","20564"
"2015-05-07","13235"
"2015-05-08","13526"
"2015-05-09","10979"
"2015-05-10","1869"
"2015-05-11","8587"
"2015-05-12","7788"
"2015-05-13","222315"
"2015-05-14","909"
"2015-05-15","4695"
"2015-05-16","7149"
"2015-05-17","1016"
"2015-05-18","4508"
"2015-05-19","6021"
"2015-05-20","29277"
"2015-05-21","18581"
"2015-05-22","85057"
"2015-05-23","4287"
"2015-05-24","248"
"2015-05-25","1523"
"2015-05-26","4584"
"2015-05-27","40858"
"2015-05-28","40727"
"2015-05-29","10976"
"2015-05-30","53727"
"2015-05-31","753"
"2015-06-01","24864"
"2015-06-02","29143"
"2015-06-03","9642"
"2015-06-04","28709"
"2015-06-05","1136672"
"2015-06-06","2072"
"2015-06-07","104"
"2015-06-08","3277"
"2015-06-09","527037"
"2015-06-10","769460"
"2015-06-11","23480"
"2015-06-12","17552"
"2015-06-13","504"
"2015-06-14","413"
"2015-06-15","3863"
"2015-06-16","3129"
"2015-06-17","1912"
"2015-06-18","366612"
"2015-06-19","7530"
"2015-06-20","231"
"2015-06-21","696"
"2015-06-22","2599"
"2015-06-23","5880"
"2015-06-24","1701"
"2015-06-25","2254"
"2015-06-26","1790"
"2015-06-27","1851"
"2015-06-28","1588"
"2015-06-29","1326"
"2015-06-30","548"
"2015-07-01","1290"
"2015-07-02","974085"
"2015-07-03","1145"
"2015-07-04","588"
"2015-07-05","138"
"2015-07-06","324"
"2015-07-07","192536"
"2015-07-08","63"
"2015-07-09","997"
"2015-07-10","18156"
"2015-07-11","2013"
"2015-07-12","389"
"2015-07-13","318"
"2015-07-14","5995"
"2015-07-15","305"
"2015-07-16","104350"
"2015-07-17","2512"
"2015-07-18","587"
"2015-07-19","278"
"2015-07-20","100812"
"2015-07-21","93517"
"2015-07-22","321"
"2015-07-23","2412"
"2015-07-24","266"
"2015-07-25","51072"
"2015-07-26","647"
"2015-07-27","1258"
"2015-07-28","2437"
"2015-07-29","2201"
"2015-07-30","2295"
"2015-07-31","1761"
"2015-08-01","2182"
"2015-08-02","460122"
"2015-08-03","1970"
"2015-08-04","9245"
"2015-08-05","2013"
"2015-08-06","1768"
"2015-08-07","1346"
"2015-08-08","1443"
"2015-08-09","617"
"2015-08-10","1509"
"2015-08-11","610918"
"2015-08-12","870"
"2015-08-13","336"
"2015-08-14","14906"
"2015-08-15","1009"
"2015-08-16","1021"
"2015-08-17","2574"
"2015-08-18","2367"
"2015-08-19","6433"
"2015-08-20","4478"
"2015-08-21","2027"
"2015-08-22","2008"
"2015-08-23","1452"
"2015-08-24","4518"
"2015-08-25","949"
"2015-08-26","545"
"2015-08-27","21406"
"2015-08-28","5883"
"2015-08-29","1683"
"2015-08-30","178"
"2015-08-31","1473"
"2015-09-01","4976"
"2015-09-02","3076"
"2015-09-03","2640"
"2015-09-04","3580"
"2015-09-05","671"
"2015-09-06","256"
"2015-09-07","878009"
"2015-09-08","32400"
"2015-09-09","670"
"2015-09-10","166"
"2015-09-11","2875"
"2015-09-12","1927"
"2015-09-13","504"
"2015-09-14","93185"
"2015-09-15","3529"
"2015-09-16","455536"
"2015-09-17","3673"
"2015-09-18","484007"
"2015-09-19","602"
"2015-09-21","1089"
"2015-09-22","15899"
"2015-09-23","3013"
"2015-09-24","616029"
"2015-09-25","3986"
"2015-09-26","2182"
"2015-09-27","125"
"2015-09-28","2749"
"2015-09-29","155162"
"2015-09-30","429244"
"2015-10-01","113"
"2015-10-02","398"
"2015-10-03","395"
"2015-10-04","377"
"2015-10-05","2089"
"2015-10-06","4584"
"2015-10-07","7654"
"2015-10-08","4880"
"2015-10-09","4301"
"2015-10-10","2021"
"2015-10-11","857"
"2015-10-12","1048"
"2015-10-13","317588"
"2015-10-14","2282"
"2015-10-15","534594"
"2015-10-16","379"
"2015-10-18","856"
"2015-10-19","1069666"
"2015-10-20","505391"
"2015-10-21","1264"
"2015-10-22","815791"
"2015-10-23","2117"
"2015-10-24","453"
"2015-10-25","316550"
"2015-10-26","1719"
"2015-10-27","3575"
"2015-10-28","212580"
"2015-10-29","6119"
"2015-10-30","10555"
"2015-10-31","1042"
"2015-11-02","551"
"2015-11-03","380"
"2015-11-04","2524"
"2015-11-05","4595"
"2015-11-06","5600"
"2015-11-07","5948"
"2015-11-08","1136"
"2015-11-09","1784"
"2015-11-10","2409"
"2015-11-11","4972"
"2015-11-12","797303"
"2015-11-13","190527"
"2015-11-14","1936"
"2015-11-15","91"
"2015-11-16","8779"
"2015-11-17","7453"
"2015-11-18","9897"
"2015-11-19","9714"
"2015-11-20","4522"
"2015-11-21","2675"
"2015-11-22","272"
"2015-11-23","916250"
"2015-11-24","345725"
"2015-11-25","377455"
"2015-11-26","1951"
"2015-11-27","636"
"2015-11-28","3517"
"2015-11-29","1719"
"2015-11-30","18941"
"2015-12-01","13098"
"2015-12-02","11824"
"2015-12-03","198"
"2015-12-04","6"
"2015-12-05","1419"
"2015-12-06","1345"
"2015-12-07","708"
"2015-12-08","1468"
"2015-12-09","673693"
"2015-12-10","435"
"2015-12-11","5032"
"2015-12-12","3169"
"2015-12-13","1690"
"2015-12-14","1508"
"2015-12-15","679"
"2015-12-16","4275"
"2015-12-17","9518"
"2015-12-18","1098"
"2015-12-20","674"
"2015-12-21","23"
"2015-12-22","714639"
"2015-12-28","1933"
"2015-12-29","561"
"2015-12-30","3588"
"2015-12-31","6437"
"2016-01-02","4628"
"2016-01-03","8904"
"2016-01-04","1775743"
"2016-01-05","709741"
"2016-01-06","606572"
"2016-01-07","21401"
"2016-01-08","31760"
"2016-01-09","38069"
"2016-01-10","27801"
"2016-01-11","41411"
"2016-01-12","39835"
"2016-01-13","56592"
"2016-01-14","83562"
"2016-01-15","82918"
"2016-01-16","271435"
"2016-01-17","40778"
"2016-01-18","128656"
"2016-01-19","737265"
"2016-01-20","816857"
"2016-01-21","152017"
"2016-01-22","71382"
"2016-01-23","126658"
"2016-01-24","76697"
"2016-01-25","743497"
"2016-01-26","334215"
"2016-01-27","175234"
"2016-01-28","177497"
"2016-01-29","140601"
"2016-01-30","134837"
"2016-01-31","24712"
"2016-02-01","450311"
"2016-02-02","303235"
"2016-02-03","437066"
"2016-02-04","253316"
"2016-02-05","518012"
"2016-02-06","869529"
"2016-02-07","852582"
"2016-02-08","773261"
"2016-02-09","428715"
"2016-02-10","327980"
"2016-02-11","946322"
"2016-02-12","727111"
"2016-02-13","863781"
"2016-02-14","2239493"
"2016-02-15","2088160"
"2016-02-16","821057"
"2016-02-17","193034"
"2016-02-18","574633"
"2016-02-19","470682"
"2016-02-20","616122"
"2016-02-21","735608"
"2016-02-22","1584287"
"2016-02-23","1174311"
"2016-02-24","591561"
"2016-02-25","1066797"
"2016-02-26","1322084"
"2016-02-27","787278"
"2016-02-28","764967"
"2016-02-29","1173907"
"2016-03-01","995843"
"2016-03-02","774155"
"2016-03-03","976918"
"2016-03-04","761652"
"2016-03-05","726691"
"2016-03-06","359692"
"2016-03-07","967857"
"2016-03-08","1128709"
"2016-03-09","999199"
"2016-03-10","996034"
"2016-03-11","973011"
"2016-03-12","258410"
"2016-03-13","177821"
"2016-03-14","321555"
"2016-03-15","190722"
"2016-03-16","389448"
"2016-03-17","104601"
"2016-03-18","85693"
"2016-03-19","307035"
"2016-03-20","529005"
"2016-03-21","1895263"
"2016-03-22","583192"
"2016-03-23","602773"
"2016-03-24","211658"
"2016-03-25","129513"
"2016-03-26","29015"
"2016-03-27","29786"
"2016-03-28","49389"
"2016-03-29","803273"
"2016-03-30","137397"
"2016-03-31","1184404"
"2016-04-01","289577"
"2016-04-02","262782"
"2016-04-03","142253"
"2016-04-04","225681"
"2016-04-05","632892"
"2016-04-06","445871"
"2016-04-07","512053"
"2016-04-08","185755"
"2016-04-09","120527"
"2016-04-10","28147"
"2016-04-11","423555"
"2016-04-12","93780"
"2016-04-13","181968"
"2016-04-14","186396"
"2016-04-15","74267"
"2016-04-16","79537"
"2016-04-17","36250"
"2016-04-18","267237"
"2016-04-19","98438"
"2016-04-20","458438"
"2016-04-21","53689"
"2016-04-22","28955"
"2016-04-23","20040"
"2016-04-24","2126"
"2016-04-25","56425"
"2016-04-26","222006"
"2016-04-27","15837"
"2016-04-28","510695"
"2016-04-29","14311"
"2016-04-30","7631"
"2016-05-01","1243"
"2016-05-02","14777"
"2016-05-03","7472"
"2016-05-04","238160"
"2016-05-06","520035"
"2016-05-07","4310"
"2016-05-08","789549"
"2016-05-09","4467"
"2016-05-10","7785"
"2016-05-11","5251"
"2016-05-12","4313"
"2016-05-13","2553"
"2016-05-14","1331"
"2016-05-15","5028"
"2016-05-16","44"
"2016-05-17","503"
"2016-05-18","189"
"2016-05-19","1320"
"2016-05-20","6675"
"2016-05-21","1515"
"2016-05-22","2283"
"2016-05-23","317611"
"2016-05-24","307508"
"2016-05-25","1488"
"2016-05-26","3086"
"2016-05-27","4875"
"2016-05-28","1812"
"2016-05-29","1646"
"2016-05-30","3475"
"2016-05-31","75881"
"2016-06-01","5873"
"2016-06-02","2563"
"2016-06-03","2680"
"2016-06-04","420"
"2016-06-05","2936"
"2016-06-06","2964"
"2016-06-07","10045"
"2016-06-08","274753"
"2016-06-09","1982"
"2016-06-10","1973"
"2016-06-11","1658"
"2016-06-12","3018"
"2016-06-13","3444"
"2016-06-14","420379"
"2016-06-15","221290"
"2016-06-16","3128"
"2016-06-17","2891"
"2016-06-18","893"
"2016-06-20","2303"
"2016-06-21","3741"
"2016-06-22","1555"
"2016-06-23","298259"
"2016-06-24","2102"
"2016-06-25","1929"
"2016-06-26","225"
"2016-06-27","4484"
"2016-06-28","253860"
"2016-06-29","2800"
"2016-06-30","2203"
"2016-07-01","1163"
"2016-07-02","401"
"2016-07-03","839"
"2016-07-04","230287"
"2016-07-05","1244"
"2016-07-06","557"
"2016-07-07","1056"
"2016-07-08","653"
"2016-07-09","576"
"2016-07-10","204"
"2016-07-11","696"
"2016-07-12","659"
"2016-07-13","867"
"2016-07-14","446"
"2016-07-15","1580"
"2016-07-16","144"
"2016-07-17","689"
"2016-07-18","339804"
"2016-07-19","48678"
"2016-07-20","750324"
"2016-07-21","739339"
"2016-07-22","1047"
"2016-07-23","333"
"2016-07-25","861"
"2016-07-26","929"
"2016-07-27","959"
"2016-07-28","1164"
"2016-07-29","1720"
"2016-07-30","1531"
"2016-08-01","83"
"2016-08-02","27516"
"2016-08-03","3358"
"2016-08-04","2449"
"2016-08-05","3295"
"2016-08-06","848"
"2016-08-07","239"
"2016-08-08","2531"
"2016-08-09","645"
"2016-08-10","1182"
"2016-08-11","3162"
"2016-08-12","3492"
"2016-08-13","239"
"2016-08-14","201"
"2016-08-15","278022"
"2016-08-16","4561"
"2016-08-17","3444"
"2016-08-18","597563"
"2016-08-19","3342"
"2016-08-20","330"
"2016-08-21","1290"
"2016-08-22","7943"
"2016-08-23","3430"
"2016-08-24","5345"
"2016-08-25","3666"
"2016-08-26","2319"
"2016-08-27","684"
"2016-08-28","120"
"2016-08-29","829"
"2016-08-30","2579"
"2016-08-31","1558"
"2016-09-01","389"
"2016-09-02","13"
"2016-09-03","808"
"2016-09-04","746"
"2016-09-05","1892"
"2016-09-06","3132"
"2016-09-07","1042174"
"2016-09-08","6584"
"2016-09-09","2846"
"2016-09-10","2533"
"2016-09-11","1092"
"2016-09-12","752"
"2016-09-13","2590"
"2016-09-14","447731"
"2016-09-15","5414"
"2016-09-16","48554"
"2016-09-17","2158"
"2016-09-18","470"
"2016-09-19","4470"
"2016-09-20","2944"
"2016-09-21","67156"
"2016-09-22","299654"
"2016-09-23","3333"
"2016-09-24","1176"
"2016-09-25","192"
"2016-09-26","185308"
"2016-09-27","3629"
"2016-09-28","5395"
"2016-09-29","4947"
"2016-09-30","3475"
"2016-10-01","1848"
"2016-10-03","1461"
"2016-10-04","4227"
"2016-10-05","1209"
"2016-10-06","1038"
"2016-10-07","4757"
"2016-10-08","1938"
"2016-10-09","821"
"2016-10-10","279686"
"2016-10-11","4326"
"2016-10-12","2307"
"2016-10-13","676343"
"2016-10-14","985860"
"2016-10-15","2177"
"2016-10-16","809"
"2016-10-17","4860"
"2016-10-18","5795"
"2016-10-19","980264"
"2016-10-20","4595"
"2016-10-21","1120106"
"2016-10-22","636"
"2016-10-23","183"
"2016-10-24","6568"
"2016-10-25","3109"
"2016-10-26","210202"
"2016-10-27","1656"
"2016-10-28","575"
"2016-10-29","4305"
"2016-10-31","8670"
"2016-11-01","6491"
"2016-11-02","8302"
"2016-11-03","443852"
"2016-11-04","8670"
"2016-11-05","4131"
"2016-11-06","771"
"2016-11-07","9180"
"2016-11-08","4541"
"2016-11-09","11077"
"2016-11-10","6851"
"2016-11-11","12448"
"2016-11-12","4125"
"2016-11-13","113"
"2016-11-14","1541"
"2016-11-15","128598"
"2016-11-16","536008"
"2016-11-17","2462"
"2016-11-18","7240"
"2016-11-19","7523"
"2016-11-20","1029"
"2016-11-21","9762"
"2016-11-22","5131"
"2016-11-23","920984"
"2016-11-24","8597"
"2016-11-25","7206"
"2016-11-26","2801"
"2016-11-28","530"
"2016-11-29","175508"
"2016-11-30","1646"
"2016-12-02","3032"
"2016-12-03","7815"
"2016-12-05","5378"
"2016-12-06","1212302"
"2016-12-07","520263"
"2016-12-08","5073"
"2016-12-09","7188"
"2016-12-10","1289"
"2016-12-11","3731"
"2016-12-12","7379"
"2016-12-13","59421"
"2016-12-14","4386"
"2016-12-15","4006"
"2016-12-16","1314"
"2016-12-17","212"
"2016-12-18","42"
"2016-12-19","508157"
"2016-12-20","22418"
"2016-12-21","797817"
"2016-12-22","354182"
"2016-12-26","1301"
"2016-12-28","3359"
"2016-12-31","2502"
"2017-01-02","209781"
"2017-01-03","12107"
"2017-01-04","19820"
"2017-01-05","439258"
"2017-01-06","693"
"2017-01-10","23005"
"2017-01-11","38883"
"2017-01-12","46601"
"2017-01-13","45493"
"2017-01-14","31025"
"2017-01-15","23266"
"2017-01-16","692379"
"2017-01-17","404823"
"2017-01-18","6109"
"2017-01-19","870459"
"2017-01-20","1197"
"2017-01-21","755927"
"2017-01-22","189016"
"2017-01-23","134361"
"2017-01-24","178305"
"2017-01-25","2606"
"2017-01-26","80170"
"2017-01-27","20901"
"2017-01-28","101562"
"2017-01-29","47293"
"2017-01-30","62572"
"2017-01-31","457350"
"2017-02-01","289611"
"2017-02-02","251247"
"2017-02-03","626240"
"2017-02-04","705723"
"2017-02-05","762219"
"2017-02-06","645770"
"2017-02-07","908929"
"2017-02-08","1299802"
"2017-02-09","1008104"
"2017-02-10","1104329"
"2017-02-11","1171149"
"2017-02-12","172529"
"2017-02-13","1109245"
"2017-02-14","1747492"
"2017-02-15","696817"
"2017-02-16","621382"
"2017-02-17","351616"
"2017-02-18","126579"
"2017-02-19","392744"
"2017-02-20","454830"
"2017-02-21","527640"
"2017-02-22","1108179"
"2017-02-23","723785"
"2017-02-24","312695"
"2017-02-25","16775"
"2017-02-26","707140"
"2017-02-27","947571"
"2017-02-28","1201637"
"2017-03-01","923137"
"2017-03-02","451721"
"2017-03-03","691821"
"2017-03-04","895238"
"2017-03-05","1311087"
"2017-03-06","1185017"
"2017-03-07","1261565"
"2017-03-08","1402872"
"2017-03-09","1363721"
"2017-03-10","778226"
"2017-03-11","194222"
"2017-03-12","431067"
"2017-03-13","718928"
"2017-03-14","632393"
"2017-03-15","220162"
"2017-03-16","1190199"
"2017-03-17","291576"
"2017-03-18","79101"
"2017-03-19","748353"
"2017-03-20","599824"
"2017-03-21","649656"
"2017-03-22","915468"
"2017-03-23","1346698"
"2017-03-24","367319"
"2017-03-25","111078"
"2017-03-27","590895"
"2017-03-28","240647"
"2017-03-29","341583"
"2017-03-30","250319"
"2017-03-31","242980"
"2017-04-01","109669"
"2017-04-02","140489"
"2017-04-03","393543"
"2017-04-04","323825"
"2017-04-05","356982"
"2017-04-06","705206"
"2017-04-07","570733"
"2017-04-08","190687"
"2017-04-09","182493"
"2017-04-10","1081011"
"2017-04-11","838683"
"2017-04-12","198696"
"2017-04-13","54785"
"2017-04-14","83628"
"2017-04-15","138780"
"2017-04-16","62624"
"2017-04-17","113613"
"2017-04-18","47226"
"2017-04-19","528792"
"2017-04-20","329204"
"2017-04-21","344363"
"2017-04-23","21245"
"2017-04-24","1327584"
"2017-04-25","707286"
"2017-04-26","53548"
"2017-04-27","54053"
"2017-04-28","329126"
"2017-04-29","32545"
"2017-04-30","18978"
"2017-05-01","28557"
"2017-05-02","14271"
"2017-05-03","24603"
"2017-05-04","21259"
"2017-05-05","15480"
"2017-05-06","8545"
"2017-05-07","2205"
"2017-05-08","10686"
"2017-05-09","15707"
"2017-05-10","13811"
"2017-05-11","12111"
"2017-05-12","10922"
"2017-05-13","6832"
"2017-05-15","20613"
"2017-05-16","366214"
"2017-05-18","7281"
"2017-05-19","5329"
"2017-05-20","6742"
"2017-05-21","2088"
"2017-05-22","6651"
"2017-05-23","10187"
"2017-05-24","335391"
"2017-05-25","2055"
"2017-05-26","7229"
"2017-05-27","4775"
"2017-05-29","3872"
"2017-05-30","63046"
"2017-05-31","5669"
"2017-06-01","4747"
"2017-06-02","7127"
"2017-06-03","3113"
"2017-06-05","675"
"2017-06-06","5525"
"2017-06-07","3918"
"2017-06-08","5215"
"2017-06-09","6526"
"2017-06-10","4832"
"2017-06-11","12083"
"2017-06-12","4336"
"2017-06-13","281567"
"2017-06-14","3658"
"2017-06-15","3887"
"2017-06-16","24722"
"2017-06-17","1894"
"2017-06-18","17340"
"2017-06-19","2889"
"2017-06-20","1828"
"2017-06-21","5752"
"2017-06-22","474"
"2017-06-23","21018"
"2017-06-24","42392"
"2017-06-25","30"
"2017-06-26","1566"
"2017-06-27","2355"
"2017-06-28","2577"
"2017-06-29","541485"
"2017-06-30","584019"
"2017-07-01","506"
"2017-07-02","131"
"2017-07-03","1943"
"2017-07-04","384489"
"2017-07-05","790"
"2017-07-06","22144"
"2017-07-07","803"
"2017-07-08","196"
"2017-07-09","458897"
"2017-07-10","1016"
"2017-07-11","224447"
"2017-07-12","187552"
"2017-07-13","448"
"2017-07-14","53"
"2017-07-16","21496"
"2017-07-17","320"
"2017-07-18","22725"
"2017-07-19","16976"
"2017-07-20","2375"
"2017-07-21","1542"
"2017-07-22","698"
"2017-07-23","570"
"2017-07-24","56641"
"2017-07-25","68527"
"2017-07-26","987"
"2017-07-27","797"
"2017-07-28","16055"
"2017-07-29","1147"
"2017-07-30","501"
"2017-07-31","43368"
"2017-08-01","2166"
"2017-08-02","629373"
"2017-08-03","16513"
"2017-08-04","21174"
"2017-08-05","2149"
"2017-08-06","795578"
"2017-08-07","3488"
"2017-08-08","330549"
"2017-08-09","25043"
"2017-08-10","5416"
"2017-08-11","3228"
"2017-08-12","1406"
"2017-08-13","37521"
"2017-08-14","7298"
"2017-08-15","13898"
"2017-08-16","50135"
"2017-08-17","2566"
"2017-08-18","4432"
"2017-08-19","459896"
"2017-08-20","92"
"2017-08-21","2469"
"2017-08-22","25545"
"2017-08-23","15531"
"2017-08-24","845076"
"2017-08-25","15878"
"2017-08-26","2988"
"2017-08-27","1211"
"2017-08-28","6079"
"2017-08-29","1929"
"2017-08-30","17118"
"2017-08-31","709"
"2017-09-01","87593"
"2017-09-02","448671"
"2017-09-03","786"
"2017-09-04","3306"
"2017-09-05","2901"
"2017-09-06","16864"
"2017-09-07","3822"
"2017-09-08","2308"
"2017-09-09","2207"
"2017-09-10","1029"
"2017-09-11","698209"
"2017-09-12","2640"
"2017-09-13","8632"
"2017-09-14","58142"
"2017-09-15","2669"
"2017-09-16","104"
"2017-09-17","192"
"2017-09-18","3091"
"2017-09-19","2712"
"2017-09-20","3487"
"2017-09-21","3467"
"2017-09-22","70099"
"2017-09-23","1288"
"2017-09-24","635"
"2017-09-25","2187"
"2017-09-26","6818"
"2017-09-27","1963"
"2017-09-28","2683"
"2017-09-29","454741"
"2017-09-30","3246"
"2017-10-01","234"
"2017-10-02","572689"
"2017-10-03","1207"
"2017-10-04","1948"
"2017-10-05","3540"
"2017-10-06","1436"
"2017-10-07","1007"
"2017-10-08","366"
"2017-10-09","3255"
"2017-10-10","4137"
"2017-10-11","1487"
"2017-10-12","2274"
"2017-10-13","2257"
"2017-10-14","2736"
"2017-10-16","1354"
"2017-10-17","1767"
"2017-10-18","790"
"2017-10-19","2873"
"2017-10-20","2910"
"2017-10-21","1086"
"2017-10-22","2298"
"2017-10-23","3718"
"2017-10-24","3644"
"2017-10-25","2291"
"2017-10-26","3906"
"2017-10-27","1133"
"2017-10-28","580"
"2017-10-30","460"
"2017-10-31","330398"
"2017-11-01","3559"
"2017-11-02","200171"
"2017-11-03","454844"
"2017-11-06","1614"
"2017-11-07","2563"
"2017-11-08","1970"
"2017-11-09","502116"
"2017-11-10","359"
"2017-11-11","949"
"2017-11-12","1971"
"2017-11-13","1581"
"2017-11-14","3460"
"2017-11-15","3923"
"2017-11-16","586023"
"2017-11-17","2586"
"2017-11-18","1575"
"2017-11-19","164"
"2017-11-20","5661"
"2017-11-21","3207"
"2017-11-22","5063"
"2017-11-23","45"
"2017-11-24","2352"
"2017-11-25","610"
"2017-11-27","3011"
"2017-11-28","2910"
"2017-11-29","2883"
"2017-11-30","7754"
"2017-12-01","841"
"2017-12-02","3074"
"2017-12-03","249237"
"2017-12-04","599724"
"2017-12-05","385843"
"2017-12-06","5108"
"2017-12-07","10347"
"2017-12-08","1649"
"2017-12-09","3732"
"2017-12-10","713"
"2017-12-11","189095"
"2017-12-12","316446"
"2017-12-13","8026"
"2017-12-14","311863"
"2017-12-15","12378"
"2017-12-16","11852"
"2017-12-17","601594"
"2017-12-18","5519"
"2017-12-19","67569"
"2017-12-20","151493"
"2017-12-21","445613"
"2017-12-27","266"
"2017-12-28","2594"
"2017-12-29","1989"
"2017-12-30","1026"
"2017-12-31","75"
"2018-01-01","23"
"2018-01-02","10281"
"2018-01-03","6466"
"2018-01-04","11655"
"2018-01-05","15546"
"2018-01-06","8999"
"2018-01-07","5963"
"2018-01-08","1769"
"2018-01-09","6239"
"2018-01-10","19384"
"2018-01-11","29822"
"2018-01-12","30895"
"2018-01-13","19629"
"2018-01-14","14882"
"2018-01-15","2802"
"2018-01-16","232643"
"2018-01-17","18532"
"2018-01-18","394359"
"2018-01-19","546366"
"2018-01-20","42876"
"2018-01-21","29864"
"2018-01-22","942704"
"2018-01-23","317682"
"2018-01-24","854977"
"2018-01-25","119436"
"2018-01-26","75248"
"2018-01-27","231849"
"2018-01-28","1141606"
"2018-01-29","495607"
"2018-01-30","966522"
"2018-01-31","361759"
"2018-02-01","507860"
"2018-02-02","489135"
"2018-02-03","502503"
"2018-02-04","424830"
"2018-02-05","117611"
"2018-02-06","352261"
"2018-02-07","537181"
"2018-02-08","286906"
"2018-02-09","418094"
"2018-02-10","267532"
"2018-02-11","655142"
"2018-02-12","2012796"
"2018-02-13","572146"
"2018-02-14","1226181"
"2018-02-15","688601"
"2018-02-16","1171420"
"2018-02-17","581091"
"2018-02-18","578382"
"2018-02-19","1191637"
"2018-02-20","1506275"
"2018-02-21","983091"
"2018-02-22","933517"
"2018-02-23","568346"
"2018-02-24","741387"
"2018-02-25","463690"
"2018-02-26","1244818"
"2018-02-27","999098"
"2018-02-28","623140"
"2018-03-01","133152"
"2018-03-02","1023316"
"2018-03-03","555205"
"2018-03-04","396226"
"2018-03-05","701567"
"2018-03-06","477303"
"2018-03-07","1092756"
"2018-03-08","1180621"
"2018-03-09","409467"
"2018-03-10","395886"
"2018-03-11","576832"
"2018-03-12","424024"
"2018-03-13","737181"
"2018-03-14","1522851"
"2018-03-15","984644"
"2018-03-16","671909"
"2018-03-17","293791"
"2018-03-18","59103"
"2018-03-19","6783"
"2018-03-20","1403537"
"2018-03-21","270990"
"2018-03-22","286378"
"2018-03-23","497990"
"2018-03-24","326629"
"2018-03-25","107947"
"2018-03-26","552905"
"2018-03-27","586998"
"2018-03-28","347713"
"2018-03-29","182067"
"2018-03-30","269467"
"2018-03-31","344767"
"2018-04-01","113034"
"2018-04-02","101672"
"2018-04-03","926672"
"2018-04-04","620085"
"2018-04-05","88226"
"2018-04-06","1182649"
"2018-04-07","72742"
"2018-04-08","90175"
"2018-04-09","256656"
"2018-04-10","853793"
"2018-04-11","176563"
"2018-04-12","178033"
"2018-04-13","183987"
"2018-04-14","174056"
"2018-04-15","21821"
"2018-04-16","222982"
"2018-04-17","142054"
"2018-04-18","116417"
"2018-04-19","44424"
"2018-04-20","55398"
"2018-04-21","91131"
"2018-04-22","11750"
"2018-04-23","27712"
"2018-04-24","95002"
"2018-04-25","311880"
"2018-04-26","61678"
"2018-04-27","54613"
"2018-04-28","51950"
"2018-04-29","48501"
"2018-04-30","177724"
"2018-05-01","9850"
"2018-05-02","24669"
"2018-05-03","40690"
"2018-05-04","70521"
"2018-05-05","32740"
"2018-05-07","4701"
"2018-05-08","75215"
"2018-05-09","56911"
"2018-05-10","2611"
"2018-05-11","83382"
"2018-05-12","29674"
"2018-05-13","1843"
"2018-05-14","427181"
"2018-05-15","4692"
"2018-05-16","432579"
"2018-05-18","53550"
"2018-05-22","61044"
"2018-05-23","67085"
"2018-05-24","111805"
"2018-05-25","34562"
"2018-05-26","38522"
"2018-05-27","1328"
"2018-05-28","4729"
"2018-05-29","1169"
"2018-05-30","21793"
"2018-05-31","30841"
"2018-06-01","493727"
"2018-06-02","3023"
"2018-06-03","296"
"2018-06-04","1591"
"2018-06-05","2873"
"2018-06-06","4008"
"2018-06-07","3953"
"2018-06-08","17756"
"2018-06-09","243019"
"2018-06-10","120"
"2018-06-11","30049"
"2018-06-12","3437"
"2018-06-13","18253"
"2018-06-14","16068"
"2018-06-15","279054"
"2018-06-17","106"
"2018-06-18","290172"
"2018-06-19","3459"
"2018-06-20","3873"
"2018-06-21","2480"
"2018-06-22","2353"
"2018-06-23","1421"
"2018-06-24","65"
"2018-06-25","2638"
"2018-06-26","651"
"2018-06-28","449"
"2018-06-29","828"
"2018-06-30","374"
"2018-07-02","18438"
"2018-07-03","228194"
"2018-07-04","398215"
"2018-07-05","27749"
"2018-07-07","1669"
"2018-07-09","413"
"2018-07-10","23895"
"2018-07-11","716"
"2018-07-12","1181"
"2018-07-13","2143"
"2018-07-14","1353"
"2018-07-15","694"
"2018-07-16","1366"
"2018-07-17","122440"
"2018-07-18","925235"
"2018-07-19","468139"
"2018-07-20","68"
"2018-07-21","1258"
"2018-07-22","1171"
"2018-07-23","65"
"2018-07-24","1567"
"2018-07-25","2244"
"2018-07-26","1190"
"2018-07-27","338"
"2018-07-28","1563"
"2018-07-30","49558"
"2018-07-31","2098"
"2018-08-01","1118"
"2018-08-02","1373"
"2018-08-03","1002"
"2018-08-04","990"
"2018-08-05","43590"
"2018-08-06","1434"
"2018-08-07","3003"
"2018-08-08","3697"
"2018-08-09","2077"
"2018-08-10","1314"
"2018-08-11","173"
"2018-08-12","371"
"2018-08-13","692"
"2018-08-14","2409"
"2018-08-15","3386"
"2018-08-16","4887"
"2018-08-17","4347"
"2018-08-18","1499"
"2018-08-19","464"
"2018-08-20","2183"
"2018-08-21","789"
"2018-08-22","3498"
"2018-08-23","2734"
"2018-08-24","2216"
"2018-08-25","1860"
"2018-08-26","247"
"2018-08-27","2613"
"2018-08-28","1743"
"2018-08-29","5005"
"2018-08-30","2101"
"2018-08-31","1791"
"2018-09-01","919"
"2018-09-02","92"
"2018-09-03","552"
"2018-09-04","1998"
"2018-09-05","1514"
"2018-09-06","4259"
"2018-09-07","3181"
"2018-09-08","2163"
"2018-09-09","604"
"2018-09-10","4348"
"2018-09-11","613950"
"2018-09-12","1894"
"2018-09-13","2171"
"2018-09-14","1815"
"2018-09-15","803"
"2018-09-16","1016"
"2018-09-17","444430"
"2018-09-18","14814"
"2018-09-19","571586"
"2018-09-20","561"
"2018-09-21","108"
"2018-09-22","312"
"2018-09-23","96"
"2018-09-24","63"
"2018-09-25","65"
"2018-09-26","103"
"2018-09-27","75197"
"2018-09-28","258"
"2018-09-29","694"
"2018-09-30","132"
"2018-10-01","1926"
"2018-10-02","573"
"2018-10-03","2128"
"2018-10-04","18384"
"2018-10-05","1854"
"2018-10-06","637"
"2018-10-07","39"
"2018-10-08","1558"
"2018-10-10","243"
"2018-10-11","1640"
"2018-10-12","947"
"2018-10-13","43"
"2018-10-14","31"
"2018-10-15","2377"
"2018-10-16","559"
"2018-10-17","1938"
"2018-10-18","1074"
"2018-10-19","444011"
"2018-10-20","991"
"2018-10-21","59"
"2018-10-23","1481"
"2018-10-24","885"
"2018-10-25","2842"
"2018-10-26","1773"
"2018-10-27","1599"
"2018-10-28","754"
"2018-10-29","721"
"2018-10-30","1396"
"2018-10-31","1643"
"2018-11-01","613625"
"2018-11-02","2696"
"2018-11-03","649"
"2018-11-04","402"
"2018-11-05","30"
"2018-11-06","403"
"2018-11-07","2061"
"2018-11-08","5192"
"2018-11-09","4377"
"2018-11-10","3373"
"2018-11-11","91"
"2018-11-12","4876"
"2018-11-13","592358"
"2018-11-14","150756"
"2018-11-15","2658"
"2018-11-16","48"
"2018-11-17","712"
"2018-11-18","2135"
"2018-11-19","2549"
"2018-11-20","1749"
"2018-11-21","4955"
"2018-11-22","4752"
"2018-11-23","735"
"2018-11-24","83"
"2018-11-25","525"
"2018-11-26","2718"
"2018-11-27","7120"
"2018-11-28","8731"
"2018-11-29","10055"
"2018-11-30","2620"
"2018-12-01","4271"
"2018-12-02","672"
"2018-12-03","3384"
"2018-12-04","7460"
"2018-12-05","8295"
"2018-12-06","6487"
"2018-12-07","145739"
"2018-12-08","5483"
"2018-12-09","3609"
"2018-12-10","269296"
"2018-12-11","12569"
"2018-12-12","218447"
"2018-12-13","1046"
"2018-12-14","1586"
"2018-12-15","5326"
"2018-12-16","8659"
"2018-12-17","11742"
"2018-12-18","260584"
"2018-12-19","313552"
"2018-12-20","267867"
"2018-12-21","18959"
"2018-12-27","335427"
"2018-12-28","454469"
"2018-12-29","1240440"
"2018-12-31","114"
"2019-01-02","2737"
"2019-01-03","11503"
"2019-01-04","17131"
"2019-01-05","39491"
"2019-01-06","12128"
"2019-01-07","476245"
"2019-01-08","378"
"2019-01-09","384085"
"2019-01-10","19933"
"2019-01-13","24428"
"2019-01-14","311747"
"2019-01-15","46857"
"2019-01-16","73101"
"2019-01-17","96652"
"2019-01-18","37645"
"2019-01-19","48594"
"2019-01-20","49687"
"2019-01-21","447173"
"2019-01-22","106249"
"2019-01-23","889921"
"2019-01-24","153816"
"2019-01-25","188663"
"2019-01-26","132401"
"2019-01-27","508938"
"2019-01-28","758432"
"2019-01-29","949010"
"2019-01-30","728716"
"2019-01-31","863755"
"2019-02-01","400172"
"2019-02-02","487200"
"2019-02-03","294156"
"2019-02-04","477600"
"2019-02-05","585984"
"2019-02-06","1201474"
"2019-02-07","472088"
"2019-02-08","465570"
"2019-02-09","348507"
"2019-02-10","367849"
"2019-02-11","800665"
"2019-02-12","78855"
"2019-02-13","429832"
"2019-02-14","116270"
"2019-02-15","75975"
"2019-02-16","38301"
"2019-02-17","51645"
"2019-02-18","739019"
"2019-02-19","228933"
"2019-02-20","905242"
"2019-02-21","1301104"
"2019-02-22","479002"
"2019-02-23","79385"
"2019-02-24","23171"
"2019-02-25","187326"
"2019-02-26","708790"
"2019-02-27","333709"
"2019-02-28","808252"
"2019-03-01","801097"
"2019-03-02","610660"
"2019-03-03","585794"
"2019-03-04","351455"
"2019-03-05","280635"
"2019-03-06","187949"
"2019-03-07","572931"
"2019-03-08","564836"
"2019-03-09","278960"
"2019-03-10","358711"
"2019-03-11","1414537"
"2019-03-12","1015476"
"2019-03-13","964548"
"2019-03-14","974803"
"2019-03-15","933383"
"2019-03-16","414869"
"2019-03-17","408431"
"2019-03-18","432525"
"2019-03-19","543990"
"2019-03-20","440256"
"2019-03-21","414893"
"2019-03-22","64005"
"2019-03-23","17498"
"2019-03-24","2175"
"2019-03-25","172745"
"2019-03-26","289785"
"2019-03-27","301893"
"2019-03-28","133417"
"2019-03-29","185222"
"2019-03-30","12227"
"2019-03-31","35391"
"2019-04-01","218852"
"2019-04-02","433892"
"2019-04-03","245254"
"2019-04-04","131231"
"2019-04-05","243035"
"2019-04-06","210951"
"2019-04-07","101709"
"2019-04-08","166252"
"2019-04-09","482753"
"2019-04-10","263546"
"2019-04-11","250235"
"2019-04-12","123471"
"2019-04-13","91609"
"2019-04-14","226008"
"2019-04-15","191500"
"2019-04-16","120126"
"2019-04-17","610968"
"2019-04-18","39448"
"2019-04-19","31677"
"2019-04-20","73730"
"2019-04-21","2129"
"2019-04-22","35373"
"2019-04-23","48314"
"2019-04-24","169293"
"2019-04-25","154004"
"2019-04-26","159913"
"2019-04-27","34408"
"2019-04-28","72725"
"2019-04-29","37355"
"2019-04-30","36133"
"2019-05-01","36335"
"2019-05-02","29695"
"2019-05-03","39172"
"2019-05-04","1704"
"2019-05-05","6143"
"2019-05-06","7725"
"2019-05-07","40602"
"2019-05-08","3343"
"2019-05-09","25105"
"2019-05-10","33562"
"2019-05-11","7962"
"2019-05-12","330"
"2019-05-13","19032"
"2019-05-14","32231"
"2019-05-15","54823"
"2019-05-16","47606"
"2019-05-18","5932"
"2019-05-19","1527"
"2019-05-20","25000"
"2019-05-21","19746"
"2019-05-22","43828"
"2019-05-23","16215"
"2019-05-24","1179"
"2019-05-25","5212"
"2019-05-26","4153"
"2019-05-27","36131"
"2019-05-28","17408"
"2019-05-29","32009"
"2019-05-30","23005"
"2019-05-31","4264"
"2019-06-01","34831"
"2019-06-02","9985"
"2019-06-03","172343"
"2019-06-04","16837"
"2019-06-05","465617"
"2019-06-06","23874"
"2019-06-07","37477"
"2019-06-08","4883"
"2019-06-09","2295"
"2019-06-11","99852"
"2019-06-12","368033"
"2019-06-13","8112"
"2019-06-14","2560"
"2019-06-15","1988"
"2019-06-16","2938"
"2019-06-17","2435"
"2019-06-18","2454"
"2019-06-19","4646"
"2019-06-20","2117"
"2019-06-21","3300"
"2019-06-22","2876"
"2019-06-23","1167"
"2019-06-24","2347"
"2019-06-25","148257"
"2019-06-26","489"
"2019-06-27","376875"
"2019-06-28","511"
"2019-06-29","623"
"2019-07-01","487"
"2019-07-02","1075"
"2019-07-03","2736"
"2019-07-04","284"
"2019-07-05","2145"
"2019-07-06","783"
"2019-07-07","542"
"2019-07-08","649"
"2019-07-09","900"
"2019-07-10","335581"
"2019-07-11","795492"
"2019-07-12","915"
"2019-07-13","493"
"2019-07-15","982"
"2019-07-16","458581"
"2019-07-17","22585"
"2019-07-18","247117"
"2019-07-19","606"
"2019-07-20","945"
"2019-07-21","16740"
"2019-07-22","420"
"2019-07-23","756"
"2019-07-24","360"
"2019-07-25","653"
"2019-07-26","494"
"2019-07-27","488"
"2019-07-28","459"
"2019-07-29","24"
"2019-07-31","1161"
"2019-08-01","2874"
"2019-08-02","1601"
"2019-08-03","1413"
"2019-08-04","338"
"2019-08-05","2714"
"2019-08-06","4860"
"2019-08-07","2991"
"2019-08-08","2919"
"2019-08-09","2976"
"2019-08-10","2096"
"2019-08-11","249"
"2019-08-12","4183"
"2019-08-13","1433"
"2019-08-14","3798"
"2019-08-15","2418"
"2019-08-16","3288"
"2019-08-17","1578"
"2019-08-18","1332"
"2019-08-19","3388"
"2019-08-20","284689"
"2019-08-21","5085"
"2019-08-22","3337"
"2019-08-23","3190"
"2019-08-24","1958"
"2019-08-25","201"
"2019-08-26","4454"
"2019-08-27","1655"
"2019-08-28","5040"
"2019-08-29","4206"
"2019-08-30","3769"
"2019-08-31","1726"
"2019-09-01","1354"
"2019-09-02","2884"
"2019-09-03","1263"
"2019-09-04","15"
"2019-09-05","2822"
"2019-09-06","1443"
"2019-09-07","2244"
"2019-09-08","453"
"2019-09-09","3116"
"2019-09-10","3126"
"2019-09-11","3653"
"2019-09-12","3668"
"2019-09-13","1116"
"2019-09-14","2036"
"2019-09-15","328"
"2019-09-16","2155"
"2019-09-17","1479"
"2019-09-18","979"
"2019-09-19","1049"
"2019-09-20","1388"
"2019-09-21","1596"
"2019-09-22","87624"
"2019-09-23","2259"
"2019-09-24","134810"
"2019-09-25","5423"
"2019-09-26","1840"
"2019-09-27","2863"
"2019-09-28","606"
"2019-09-29","786"
"2019-09-30","821"
"2019-10-01","108"
"2019-10-02","904"
"2019-10-03","2192"
"2019-10-04","369214"
"2019-10-05","1635"
"2019-10-06","236"
"2019-10-07","1766"
"2019-10-08","216357"
"2019-10-09","2103"
"2019-10-10","2269"
"2019-10-11","2188"
"2019-10-12","2152"
"2019-10-13","607"
"2019-10-14","512968"
"2019-10-15","2593"
"2019-10-16","2562"
"2019-10-17","2770"
"2019-10-18","2389"
"2019-10-19","731"
"2019-10-20","703"
"2019-10-21","2189"
"2019-10-22","162782"
"2019-10-23","529"
"2019-10-24","2421"
"2019-10-25","498"
"2019-10-28","447574"
"2019-10-29","663958"
"2019-10-30","234257"
"2019-10-31","639729"
"2019-11-01","620"
"2019-11-02","88"
"2019-11-04","1261"
"2019-11-05","1542"
"2019-11-06","1257"
"2019-11-07","4705"
"2019-11-08","2923"
"2019-11-09","2672"
"2019-11-10","1397"
"2019-11-11","5013"
"2019-11-12","4715"
"2019-11-13","4468"
"2019-11-14","5658"
"2019-11-15","6369"
"2019-11-16","306554"
"2019-11-17","1078"
"2019-11-18","570323"
"2019-11-19","4903"
"2019-11-20","7524"
"2019-11-21","421319"
"2019-11-22","5820"
"2019-11-23","5795"
"2019-11-24","3438"
"2019-11-25","17368"
"2019-11-26","1053643"
"2019-11-27","6146"
"2019-11-28","540289"
"2019-11-29","2478"
"2019-12-02","30"
"2019-12-04","264"
"2019-12-05","31"
"2019-12-06","487"
"2019-12-07","286"
"2019-12-08","1027"
"2019-12-09","238"
"2019-12-10","1921"
"2019-12-11","1761"
"2019-12-12","808"
"2019-12-13","3187"
"2019-12-14","3248"
"2019-12-15","4397"
"2019-12-16","7091"
"2019-12-17","4699"
"2019-12-18","4328"
"2019-12-19","338"
"2019-12-20","446"
"2019-12-21","2236"
"2019-12-23","44"
"2019-12-27","966"
"2019-12-28","952"
"2019-12-31","971"
"2020-01-02","205914"
"2020-01-03","1105"
"2020-01-05","2547"
"2020-01-06","18036"
"2020-01-07","11590"
"2020-01-08","2043"
"2020-01-10","6028"
"2020-01-11","24327"
"2020-01-12","9026"
"2020-01-13","197395"
"2020-01-14","39960"
"2020-01-15","103145"
"2020-01-16","76661"
"2020-01-17","53797"
"2020-01-18","145554"
"2020-01-19","134767"
"2020-01-20","41064"
"2020-01-21","27849"
"2020-01-22","255377"
"2020-01-23","118161"
"2020-01-24","124750"
"2020-01-25","242296"
"2020-01-26","184362"
"2020-01-27","658886"
"2020-01-28","478389"
"2020-01-29","603504"
"2020-01-30","654851"
"2020-01-31","1047729"
"2020-02-01","240675"
"2020-02-02","273112"
"2020-02-03","618185"
"2020-02-04","1526802"
"2020-02-05","2480"
"2020-02-06","435627"
"2020-02-07","467366"
"2020-02-08","475397"
"2020-02-09","637533"
"2020-02-10","1217423"
"2020-02-11","663078"
"2020-02-12","694027"
"2020-02-13","648011"
"2020-02-14","154169"
"2020-02-15","543760"
"2020-02-16","263681"
"2020-02-17","551317"
"2020-02-18","268323"
"2020-02-19","595682"
"2020-02-20","476789"
"2020-02-21","363183"
"2020-02-22","6716"
"2020-02-24","708"
"2020-02-25","1188804"
"2020-02-26","767807"
"2020-02-27","680313"
"2020-02-28","330668"
"2020-02-29","236990"
"2020-03-01","200154"
"2020-03-02","224557"
"2020-03-03","625769"
"2020-03-04","449077"
"2020-03-05","1640676"
"2020-03-06","746625"
"2020-03-07","709127"
"2020-03-08","566087"
"2020-03-09","311913"
"2020-03-10","391135"
"2020-03-11","902484"
"2020-03-12","345308"
"2020-03-13","12438"
"2020-03-14","395352"
"2020-03-15","307135"
"2020-03-16","259385"
"2020-03-17","232376"
"2020-03-18","306733"
"2020-03-19","194770"
"2020-03-20","955729"
"2020-03-21","245093"
"2020-03-22","142073"
"2020-03-23","528791"
"2020-03-24","72126"
"2020-03-25","103476"
"2020-03-26","533664"
"2020-03-27","79127"
"2020-03-28","282415"
"2020-03-29","116835"
"2020-03-30","282908"
"2020-03-31","645046"
"2020-04-01","186514"
"2020-04-02","584230"
"2020-04-03","426488"
"2020-04-04","187519"
"2020-04-05","195418"
"2020-04-06","847448"
"2020-04-07","116703"
"2020-04-08","76582"
"2020-04-09","50826"
"2020-04-10","42669"
"2020-04-11","112393"
"2020-04-12","643060"
"2020-04-13","2475"
"2020-04-14","89772"
"2020-04-15","130144"
"2020-04-16","156149"
"2020-04-17","146558"
"2020-04-18","202704"
"2020-04-19","222027"
"2020-04-20","92712"
"2020-04-21","199212"
"2020-04-22","125549"
"2020-04-23","167170"
"2020-04-24","149389"
"2020-04-25","79837"
"2020-04-26","10303"
"2020-04-27","72129"
"2020-04-28","81385"
"2020-04-29","147133"
"2020-04-30","92692"
"2020-05-01","227374"
"2020-05-02","40904"
"2020-05-03","9686"
"2020-05-04","55206"
"2020-05-05","4290"
"2020-05-06","35031"
"2020-05-07","132435"
"2020-05-08","15302"
"2020-05-09","6711"
"2020-05-10","4235"
"2020-05-11","10651"
"2020-05-12","2121"
"2020-05-13","7102"
"2020-05-14","11725"
"2020-05-15","5639"
"2020-05-16","2453"
"2020-05-18","8561"
"2020-05-19","13086"
"2020-05-20","14096"
"2020-05-21","3226"
"2020-05-22","9552"
"2020-05-23","4241"
"2020-05-24","2386"
"2020-05-25","17213"
"2020-05-26","7253"
"2020-05-27","259432"
"2020-05-28","2457"
"2020-05-29","6997"
"2020-05-30","4107"
"2020-06-01","2111"
"2020-06-02","8878"
"2020-06-03","6078"
"2020-06-04","4214"
"2020-06-05","7125"
"2020-06-06","10220"
"2020-06-07","77"
"2020-06-08","5015"
"2020-06-09","79672"
"2020-06-10","3197"
"2020-06-11","3756"
"2020-06-12","13915"
"2020-06-13","1966"
"2020-06-14","135"
"2020-06-15","2906"
"2020-06-16","2920"
"2020-06-17","3552"
"2020-06-18","2288"
"2020-06-19","287034"
"2020-06-20","686"
"2020-06-21","19"
"2020-06-22","17884"
"2020-06-23","1650"
"2020-06-24","1260"
"2020-06-25","686"
"2020-06-26","50683"
"2020-06-29","502073"
"2020-07-01","13396"
"2020-07-02","178"
"2020-07-03","14070"
"2020-07-04","36"
"2020-07-07","90"
"2020-07-08","12713"
"2020-07-09","5416"
"2020-07-10","18"
"2020-07-14","190640"
"2020-07-15","8"
"2020-07-16","9"
"2020-07-21","101"
"2020-07-23","737"
"2020-07-24","45"
"2020-07-25","62"
"2020-07-26","17"
"2020-07-27","536822"
"2020-07-29","627"
"2020-07-30","809"
"2020-07-31","993"
"2020-08-01","348"
"2020-08-02","600"
"2020-08-03","2221"
"2020-08-04","2701"
"2020-08-05","4207"
"2020-08-06","3526"
"2020-08-07","887424"
"2020-08-08","1790"
"2020-08-09","150"
"2020-08-10","2413"
"2020-08-11","3477"
"2020-08-12","3367"
"2020-08-13","3694"
"2020-08-14","2239"
"2020-08-17","91"
"2020-08-18","427"
"2020-08-19","1665"
"2020-08-20","3532"
"2020-08-21","4031"
"2020-08-22","3221"
"2020-08-23","501"
"2020-08-24","3399"
"2020-08-25","4088"
"2020-08-26","1916"
"2020-08-27","4773"
"2020-08-28","3461"
"2020-08-29","2310"
"2020-08-30","576"
"2020-08-31","2096"
"2020-09-01","2746"
"2020-09-02","8364"
"2020-09-03","2400"
"2020-09-04","12388"
"2020-09-05","1237"
"2020-09-06","357"
"2020-09-07","4586"
"2020-09-08","2436"
"2020-09-09","15250"
"2020-09-10","1560"
"2020-09-11","15942"
"2020-09-12","1401"
"2020-09-13","210"
"2020-09-14","13440"
"2020-09-15","3546"
"2020-09-16","17609"
"2020-09-17","1149"
"2020-09-18","10803"
"2020-09-19","270"
"2020-09-21","110"
"2020-09-23","489"
"2020-09-24","2477"
"2020-09-25","1715"
"2020-09-26","2128"
"2020-09-27","2667"
"2020-09-28","3753"
"2020-09-29","6674"
"2020-09-30","2718"
"2020-10-01","2802"
"2020-10-02","7812"
"2020-10-03","1659"
"2020-10-04","1481"
"2020-10-05","7032"
"2020-10-06","3049"
"2020-10-07","3276"
"2020-10-08","1843"
"2020-10-09","4268"
"2020-10-10","6721"
"2020-10-11","37"
"2020-10-12","412138"
"2020-10-13","3853"
"2020-10-14","2599"
"2020-10-15","2271"
"2020-10-16","2740"
"2020-10-17","2401"
"2020-10-18","215"
"2020-10-19","2504"
"2020-10-20","1001406"
"2020-10-21","144884"
"2020-10-22","4523"
"2020-10-23","4948"
"2020-10-24","890"
"2020-10-25","1712"
"2020-10-26","3122"
"2020-10-27","80663"
"2020-10-28","6205"
"2020-10-29","4384"
"2020-10-30","2633"
"2020-10-31","1907"
"2020-11-01","845"
"2020-11-02","5446"
"2020-11-03","1144"
"2020-11-04","147"
"2020-11-10","920"
"2020-11-11","2626"
"2020-11-12","3637"
"2020-11-13","7830"
"2020-11-14","1533"
"2020-11-15","429"
"2020-11-16","209759"
"2020-11-17","1770"
"2020-11-18","563298"
"2020-11-20","249"
"2020-11-21","259"
"2020-11-22","922"
"2020-11-23","322910"
"2020-11-24","3079"
"2020-11-25","6308"
"2020-11-26","7676"
"2020-11-27","3014"
"2020-11-28","3339"
"2020-11-29","2748"
"2020-11-30","5542"
"2020-12-01","2970"
"2020-12-02","3806"
"2020-12-03","7532"
"2020-12-04","6961"
"2020-12-05","10247"
"2020-12-06","5945"
"2020-12-07","14962"
"2020-12-08","17600"
"2020-12-09","10043"
"2020-12-10","7878"
"2020-12-11","14816"
"2020-12-12","18330"
"2020-12-13","515640"
"2020-12-14","16614"
"2020-12-15","18686"
"2020-12-16","12890"
"2020-12-17","361707"
"2020-12-18","508992"
"2020-12-19","839"
"2020-12-20","689"
"2020-12-21","21891"
"2020-12-22","467278"
"2020-12-29","250"
"2020-12-30","750"
"2021-01-01","4473"
"2021-01-02","20382"
"2021-01-03","22767"
"2021-01-04","19258"
"2021-01-05","8465"
"2021-01-06","20560"
"2021-01-07","22177"
"2021-01-08","21030"
"2021-01-09","29571"
"2021-01-10","5362"
"2021-01-11","828242"
"2021-01-12","830189"
"2021-01-13","30359"
"2021-01-14","37398"
"2021-01-15","30837"
"2021-01-16","23160"
"2021-01-17","43561"
"2021-01-18","90484"
"2021-01-19","83263"
"2021-01-20","77732"
"2021-01-21","52703"
"2021-01-22","20129"
"2021-01-23","29794"
"2021-01-24","98457"
"2021-01-25","116907"
"2021-01-26","135705"
"2021-01-27","112831"
"2021-01-28","716634"
"2021-01-29","1000498"
"2021-01-30","160956"
"2021-01-31","204517"
"2021-02-01","305083"
"2021-02-02","284596"
"2021-02-03","393822"
"2021-02-04","383663"
"2021-02-05","240203"
"2021-02-06","45529"
"2021-02-07","118899"
"2021-02-08","717993"
"2021-02-09","478863"
"2021-02-10","717961"
"2021-02-11","292391"
"2021-02-12","170178"
"2021-02-13","250128"
"2021-02-14","1343227"
"2021-02-15","605509"
"2021-02-16","1282488"
"2021-02-17","926100"
"2021-02-18","876392"
"2021-02-19","744482"
"2021-02-20","666454"
"2021-02-21","668356"
"2021-02-22","153164"
"2021-02-23","416099"
"2021-02-24","434097"
"2021-02-25","553348"
"2021-02-26","376387"
"2021-02-27","615073"
"2021-02-28","149894"
"2021-03-01","8385"
"2021-03-02","107399"
"2021-03-03","141723"
"2021-03-04","537270"
"2021-03-05","913368"
"2021-03-06","285936"
"2021-03-07","288476"
"2021-03-08","826331"
"2021-03-09","1106464"
"2021-03-10","1691280"
"2021-03-11","712346"
"2021-03-12","783371"
"2021-03-13","906356"
"2021-03-14","820890"
"2021-03-15","847798"
"2021-03-16","1625139"
"2021-03-17","859442"
"2021-03-18","1511115"
"2021-03-19","460457"
"2021-03-20","386394"
"2021-03-21","315815"
"2021-03-22","342545"
"2021-03-23","200518"
"2021-03-24","101349"
"2021-03-25","229778"
"2021-03-26","778438"
"2021-03-27","773592"
"2021-03-28","606785"
"2021-03-29","1072380"
"2021-03-30","1210766"
"2021-03-31","467337"
"2021-04-01","414947"
"2021-04-02","386752"
"2021-04-03","212397"
"2021-04-04","78124"
"2021-04-05","177421"
"2021-04-06","685829"
"2021-04-07","310167"
"2021-04-08","468755"
"2021-04-09","874355"
"2021-04-10","845777"
"2021-04-11","211888"
"2021-04-12","470758"
"2021-04-13","622767"
"2021-04-14","316943"
"2021-04-15","223741"
"2021-04-16","319381"
"2021-04-17","371701"
"2021-04-18","357507"
"2021-04-19","696253"
"2021-04-20","206278"
"2021-04-21","253476"
"2021-04-22","313671"
"2021-04-23","309443"
"2021-04-24","154372"
"2021-04-25","94535"
"2021-04-26","395782"
"2021-04-27","150585"
"2021-04-28","559038"
"2021-04-29","155365"
"2021-04-30","63139"
"2021-05-01","25620"
"2021-05-02","32623"
"2021-05-03","61984"
"2021-05-04","122785"
"2021-05-05","71992"
"2021-05-06","57911"
"2021-05-07","231636"
"2021-05-08","49687"
"2021-05-09","3556"
"2021-05-10","20785"
"2021-05-11","4091"
"2021-05-12","291518"
"2021-05-14","249"
"2021-05-16","16180"
"2021-05-17","173"
"2021-05-18","6114"
"2021-05-19","4799"
"2021-05-20","227972"
"2021-05-21","12369"
"2021-05-22","7343"
"2021-05-23","1176"
"2021-05-24","8884"
"2021-05-25","14945"
"2021-05-26","7744"
"2021-05-27","32867"
"2021-05-28","8518"
"2021-05-29","7684"
"2021-05-30","4273"
"2021-05-31","3771"
"2021-06-01","8953"
"2021-06-02","3988"
"2021-06-03","6809"
"2021-06-04","6216"
"2021-06-05","7162"
"2021-06-06","978"
"2021-06-07","17210"
"2021-06-08","7480"
"2021-06-09","10725"
"2021-06-10","5311"
"2021-06-11","5612"
"2021-06-12","1608"
"2021-06-13","2618"
"2021-06-14","3134"
"2021-06-15","6231"
"2021-06-16","5126"
"2021-06-17","5067"
"2021-06-18","3369"
"2021-06-19","128"
"2021-06-20","1899"
"2021-06-21","138681"
"2021-06-22","3654"
"2021-06-23","3012"
"2021-06-24","2258"
"2021-06-25","1384"
"2021-06-26","1397"
"2021-06-27","1301"
"2021-06-28","3869"
"2021-06-29","321"
"2021-06-30","166"
"2021-07-01","707"
"2021-07-02","23"
"2021-07-04","23"
"2021-07-05","84"
"2021-07-06","67"
"2021-07-07","14"
"2021-07-09","54"
"2021-07-15","36"
"2021-08-01","1721"
"2021-08-02","4672"
"2021-08-03","4959"
"2021-08-04","5859"
"2021-08-05","12298"
"2021-08-06","8076"
"2021-08-07","7428"
"2021-08-08","1643"
"2021-08-09","549450"
"2021-08-10","9234"
"2021-08-11","19616"
"2021-08-12","10847"
"2021-08-13","20372"
"2021-08-14","16100"
"2021-08-15","1805"
"2021-08-16","15426"
"2021-08-17","16885"
"2021-08-18","10525"
"2021-08-19","9834"
"2021-08-20","1683"
"2021-08-21","9030"
"2021-08-22","3329"
"2021-08-23","16597"
"2021-08-24","13357"
"2021-08-25","10842"
"2021-08-26","7351"
"2021-08-27","10379"
"2021-08-28","6895"
"2021-08-29","8092"
"2021-08-30","134956"
"2021-08-31","2497"
"2021-09-01","2663"
"2021-09-02","4361"
"2021-09-03","2585"
"2021-09-04","3455"
"2021-09-05","2308"
"2021-09-06","8080"
"2021-09-07","10851"
"2021-09-08","2924"
"2021-09-09","3474"
"2021-09-10","2063"
"2021-09-11","3605"
"2021-09-12","1243"
"2021-09-13","3707"
"2021-09-14","2013"
"2021-09-15","2958"
"2021-09-16","2595"
"2021-09-17","3382"
"2021-09-18","4563"
"2021-09-19","1117"
"2021-09-20","4689"
"2021-09-21","2035"
"2021-09-22","90"
"2021-09-23","690623"
"2021-09-24","2122"
"2021-09-25","1517"
"2021-09-26","68"
"2021-09-27","1788"
"2021-09-28","638622"
"2021-09-29","4470"
"2021-09-30","418678"
"2021-10-01","2578"
"2021-10-02","2723"
"2021-10-03","275"
"2021-10-04","713527"
"2021-10-05","1419"
"2021-10-06","1445"
"2021-10-07","1126"
"2021-10-08","1099"
"2021-10-09","530"
"2021-10-10","702"
"2021-10-11","1990"
"2021-10-12","666"
"2021-10-13","1372"
"2021-10-14","3452"
"2021-10-15","808"
"2021-10-16","1207"
"2021-10-18","1068"
"2021-10-19","1579"
"2021-10-20","186"
"2021-10-21","119"
"2021-10-22","78"
"2021-10-23","793"
"2021-10-25","2322"
"2021-10-26","2583"
"2021-10-27","330634"
"2021-10-28","330"
"2021-10-29","1183"
"2021-10-30","6"
"2021-10-31","736"
"2021-11-01","690313"
"2021-11-02","666683"
"2021-11-03","355000"
"2021-11-04","637674"
"2021-11-05","1866"
"2021-11-06","1193"
"2021-11-08","1393"
"2021-11-09","2831"
"2021-11-10","318"
"2021-11-11","706"
"2021-11-12","2374"
"2021-11-13","50"
"2021-11-14","1424"
"2021-11-15","525"
"2021-11-16","468732"
"2021-11-17","392"
"2021-11-18","803"
"2021-11-19","1966"
"2021-11-21","119"
"2021-11-22","2254"
"2021-11-23","3993"
"2021-11-24","716"
"2021-11-25","4456"
"2021-11-26","2930"
"2021-11-27","6140"
"2021-11-28","2050"
"2021-11-29","11749"
"2021-11-30","7005"
"2021-12-01","11629"
"2021-12-02","597487"
"2021-12-03","18175"
"2021-12-04","16089"
"2021-12-05","14239"
"2021-12-06","776934"
"2021-12-07","15188"
"2021-12-08","756662"
"2021-12-09","15440"
"2021-12-10","21126"
"2021-12-11","16665"
"2021-12-12","12773"
"2021-12-13","16485"
"2021-12-14","40321"
"2021-12-15","384"
"2021-12-16","167"
"2021-12-17","480"
"2021-12-20","2384"
"2021-12-21","332030"
"2021-12-22","1119"
"2021-12-26","643"
"2021-12-27","2402"
"2021-12-28","2355"
"2021-12-29","1129"
"2021-12-30","315252"
"2022-01-01","1261"
"2022-01-02","11161"
"2022-01-03","4455"
"2022-01-04","549592"
"2022-01-05","23407"
"2022-01-06","1481"
"2022-01-07","30395"
"2022-01-08","74616"
"2022-01-09","30913"
"2022-01-10","492976"
"2022-01-11","18238"
"2022-01-12","797254"
"2022-01-13","306"
"2022-01-14","3601"
"2022-01-15","9757"
"2022-01-16","4616"
"2022-01-17","105610"
"2022-01-18","7800"
"2022-01-19","35650"
"2022-01-20","341"
"2022-01-21","73906"
"2022-01-22","91910"
"2022-01-23","160"
"2022-01-24","87"
"2022-01-25","575"
"2022-01-26","127631"
"2022-01-27","249038"
"2022-01-28","146061"
"2022-01-29","221055"
"2022-01-30","299140"
"2022-01-31","254708"
"2022-02-01","374196"
"2022-02-02","831048"
"2022-02-03","496801"
"2022-02-04","378324"
"2022-02-05","204524"
"2022-02-06","223509"
"2022-02-07","1367072"
"2022-02-08","1355230"
"2022-02-09","619075"
"2022-02-10","332938"
"2022-02-11","178166"
"2022-02-12","433180"
"2022-02-13","636564"
"2022-02-14","1326824"
"2022-02-15","511329"
"2022-02-16","573523"
"2022-02-17","480632"
"2022-02-18","682344"
"2022-02-19","493931"
"2022-02-20","455182"
"2022-02-21","395082"
"2022-02-22","733265"
"2022-02-23","511906"
"2022-02-24","274452"
"2022-02-25","41262"
"2022-02-26","304907"
"2022-02-27","175401"
"2022-02-28","564347"
"2022-03-01","264450"
"2022-03-02","285277"
"2022-03-03","560026"
"2022-03-04","572494"
"2022-03-05","713854"
"2022-03-06","691024"
"2022-03-07","798829"
"2022-03-08","645727"
"2022-03-09","1216455"
"2022-03-10","654739"
"2022-03-11","453468"
"2022-03-12","454902"
"2022-03-13","552965"
"2022-03-14","958369"
"2022-03-15","978371"
"2022-03-16","939693"
"2022-03-17","620673"
"2022-03-18","739811"
"2022-03-19","196335"
"2022-03-21","934"
"2022-03-22","22633"
"2022-03-23","750140"
"2022-03-24","123492"
"2022-03-25","807083"
"2022-03-26","327984"
"2022-03-27","263317"
"2022-03-28","470422"
"2022-03-29","893611"
"2022-03-30","911194"
"2022-03-31","411015"
"2022-04-01","806360"
"2022-04-02","553216"
"2022-04-03","420402"
"2022-04-04","779815"
"2022-04-05","678401"
"2022-04-06","755364"
"2022-04-07","202758"
"2022-04-08","295718"
"2022-04-09","537144"
"2022-04-10","288904"
"2022-04-11","1794913"
"2022-04-12","323319"
"2022-04-13","831405"
"2022-04-14","409919"
"2022-04-15","292764"
"2022-04-16","281868"
"2022-04-17","51836"
"2022-04-18","92890"
"2022-04-19","1058935"
"2022-04-20","508570"
"2022-04-21","403094"
"2022-04-22","77306"
"2022-04-23","75405"
"2022-04-24","60447"
"2022-04-25","64887"
"2022-04-26","7778"
"2022-04-27","16929"
"2022-04-28","9315"
"2022-04-29","30847"
"2022-04-30","41698"
"2022-05-01","14301"
"2022-05-02","22967"
"2022-05-03","357603"
"2022-05-04","15650"
"2022-05-05","9185"
"2022-05-06","302381"
"2022-05-07","8013"
"2022-05-09","351903"
"2022-05-10","8852"
"2022-05-11","10347"
"2022-05-12","10551"
"2022-05-13","10977"
"2022-05-14","5352"
"2022-05-15","627"
"2022-05-16","1198"
"2022-05-17","879"
"2022-05-18","31165"
"2022-05-19","8465"
"2022-05-20","12134"
"2022-05-21","4175"
"2022-05-22","1875"
"2022-05-23","8156"
"2022-05-24","4689"
"2022-05-25","711489"
"2022-05-26","2012"
"2022-05-27","440953"
"2022-05-28","13835"
"2022-05-29","340"
"2022-05-30","528920"
"2022-05-31","33428"
"2022-06-01","6369"
"2022-06-02","4629"
"2022-06-03","3504"
"2022-06-04","1845"
"2022-06-05","353"
"2022-06-06","6670"
"2022-06-07","33"
"2022-06-08","30"
"2022-06-09","1704"
"2022-06-10","1962"
"2022-06-11","3697"
"2022-06-12","1011"
"2022-06-13","674043"
"2022-06-14","940046"
"2022-06-15","1719"
"2022-06-16","1076099"
"2022-06-17","460264"
"2022-06-18","1851"
"2022-06-19","482"
"2022-06-20","576510"
"2022-06-21","625"
"2022-06-22","86937"
"2022-06-23","758"
"2022-06-24","355"
"2022-06-25","542"
"2022-06-26","1182"
"2022-06-27","482145"
"2022-06-28","340486"
"2022-06-29","1139"
"2022-06-30","54"
"2022-07-01","204"
"2022-07-04","438"
"2022-07-05","29"
"2022-07-11","62"
"2022-07-25","483"
"2022-07-26","630"
"2022-07-27","1008"
"2022-07-28","528"
"2022-07-29","1291"
"2022-07-30","701"
"2022-07-31","30"
"2022-08-01","5468"
"2022-08-02","4811"
"2022-08-03","766283"
"2022-08-04","6640"
"2022-08-05","4744"
"2022-08-06","3341"
"2022-08-07","1642"
"2022-08-08","5343"
"2022-08-09","3945"
"2022-08-10","2255"
"2022-08-11","53"
"2022-08-12","117"
"2022-08-13","647"
"2022-08-14","201"
"2022-08-15","4360"
"2022-08-16","4336"
"2022-08-17","1904"
"2022-08-18","3163"
"2022-08-19","2170"
"2022-08-20","1374"
"2022-08-21","445"
"2022-08-22","3064"
"2022-08-24","3939"
"2022-08-25","5903"
"2022-08-26","2877"
"2022-08-27","1591"
"2022-08-28","149"
"2022-08-29","4060"
"2022-08-30","1891"
"2022-08-31","3140"
"2022-09-01","3178"
"2022-09-02","2094"
"2022-09-03","1488"
"2022-09-04","189"
"2022-09-05","3990"
"2022-09-06","1864"
"2022-09-07","3959"
"2022-09-08","2500"
"2022-09-09","3822"
"2022-09-10","2567"
"2022-09-11","2894"
"2022-09-12","4979"
"2022-09-13","4703"
"2022-09-14","350"
"2022-09-15","785"
"2022-09-16","983"
"2022-09-17","789"
"2022-09-19","635"
"2022-09-20","3415"
"2022-09-21","2558"
"2022-09-22","1225"
"2022-09-23","10103"
"2022-09-24","6055"
"2022-09-25","2691"
"2022-09-26","13475"
"2022-09-27","10252"
"2022-09-28","9466"
"2022-09-29","10165"
"2022-09-30","8005"
"2022-10-01","4050"
"2022-10-02","888"
"2022-10-03","5434"
"2022-10-04","3367"
"2022-10-05","2843"
"2022-10-06","525"
"2022-10-07","674"
"2022-10-08","1441"
"2022-10-09","375"
"2022-10-10","1422"
"2022-10-11","282308"
"2022-10-12","404"
"2022-10-13","1385"
"2022-10-14","1345"
"2022-10-15","3706"
"2022-10-16","825"
"2022-10-17","24895"
"2022-10-18","3956"
"2022-10-19","990"
"2022-10-20","4163"
"2022-10-21","3088"
"2022-10-22","855"
"2022-10-23","101"
"2022-10-24","1550"
"2022-10-25","2829"
"2022-10-26","3558"
"2022-10-27","2057"
"2022-10-28","2485"
"2022-10-29","162"
"2022-10-30","54"
"2022-10-31","310750"
"2022-11-01","1664"
"2022-11-02","1608"
"2022-11-03","2721"
"2022-11-04","3523"
"2022-11-05","1674"
"2022-11-07","2184"
"2022-11-08","12489"
"2022-11-09","2895"
"2022-11-10","4553"
"2022-11-11","296939"
"2022-11-12","510"
"2022-11-13","510"
"2022-11-14","181224"
"2022-11-15","6239"
"2022-11-16","9411"
"2022-11-17","304187"
"2022-11-18","15343"
"2022-11-19","11246"
"2022-11-20","12163"
"2022-11-21","11252"
"2022-11-22","11931"
"2022-11-23","11734"
"2022-11-24","20956"
"2022-11-25","12498"
"2022-11-26","12003"
"2022-11-27","4306"
"2022-11-28","10903"
"2022-11-29","16481"
"2022-11-30","11847"
"2022-12-01","21634"
"2022-12-02","676423"
"2022-12-03","18289"
"2022-12-04","9977"
"2022-12-05","10990"
"2022-12-06","8339"
"2022-12-07","4300"
"2022-12-08","9667"
"2022-12-09","8823"
"2022-12-10","12094"
"2022-12-11","15036"
"2022-12-12","12563"
"2022-12-13","12988"
"2022-12-14","4082"
"2022-12-15","286230"
"2022-12-16","802109"
"2022-12-17","3609"
"2022-12-18","7833"
"2022-12-19","14633"
"2022-12-20","2732"
"2022-12-21","2841"
"2023-01-02","262370"
"2023-01-03","409969"
"2023-01-04","589032"
"2023-01-05","23130"
"2023-01-06","36993"
"2023-01-07","19083"
"2023-01-08","31550"
"2023-01-09","21988"
"2023-01-10","33603"
"2023-01-11","32535"
"2023-01-12","32587"
"2023-01-13","43212"
"2023-01-14","9445"
"2023-01-15","20145"
"2023-01-16","56837"
"2023-01-17","56543"
"2023-01-18","744475"
"2023-01-19","42250"
"2023-01-20","18584"
"2023-01-21","24206"
"2023-01-22","3060"
"2023-01-23","90"
"2023-01-25","11322"
"2023-01-26","20021"
"2023-01-27","11413"
"2023-01-28","123"
"2023-01-29","16736"
"2023-01-30","523499"
"2023-01-31","103290"
"2023-02-01","68818"
"2023-02-02","486641"
"2023-02-03","337962"
"2023-02-04","87757"
"2023-02-05","19584"
"2023-02-06","14031"
"2023-02-08","6351"
"2023-02-09","8673"
"2023-02-11","929"
"2023-02-12","41185"
"2023-02-13","135"
"2023-02-14","94262"
"2023-02-15","284989"
"2023-02-16","613504"
"2023-02-17","648535"
"2023-02-18","773335"
"2023-02-19","634948"
"2023-02-20","709745"
"2023-02-21","887339"
"2023-02-22","1154652"
"2023-02-23","145222"
"2023-02-24","99390"
"2023-02-25","158826"
"2023-02-26","150123"
"2023-02-27","199683"
"2023-02-28","303349"
"2023-03-01","117907"
"2023-03-02","22777"
"2023-03-03","465213"
"2023-03-04","12422"
"2023-03-05","222789"
"2023-03-06","134948"
"2023-03-07","424558"
"2023-03-08","599503"
"2023-03-09","435234"
"2023-03-10","375494"
"2023-03-11","301669"
"2023-03-12","481810"
"2023-03-13","452396"
"2023-03-14","399835"
"2023-03-15","141550"
"2023-03-16","122462"
"2023-03-17","422517"
"2023-03-18","357061"
"2023-03-19","332507"
"2023-03-20","505531"
"2023-03-21","251828"
"2023-03-22","210982"
"2023-03-23","481863"
"2023-03-24","450148"
"2023-03-25","310452"
"2023-03-26","366644"
"2023-03-27","452885"
"2023-03-28","306715"
"2023-03-29","483527"
"2023-03-30","555798"
"2023-03-31","288044"
"2023-04-01","60195"
"2023-04-02","235433"
"2023-04-03","312223"
"2023-04-04","330349"
"2023-04-05","332793"
"2023-04-06","438140"
"2023-04-07","167699"
"2023-04-08","92990"
"2023-04-09","276307"
"2023-04-10","320642"
"2023-04-11","491747"
"2023-04-12","486208"
"2023-04-13","449895"
"2023-04-14","807841"
"2023-04-15","414167"
"2023-04-16","262760"
"2023-04-17","269893"
"2023-04-18","337245"
"2023-04-19","141732"
"2023-04-20","819186"
"2023-04-21","137041"
"2023-04-22","54335"
"2023-04-23","51651"
"2023-04-24","87395"
"2023-04-25","198628"
"2023-04-26","74704"
"2023-04-27","104487"
"2023-04-28","217002"
"2023-04-29","498881"
"2023-04-30","87580"
"2023-05-01","32814"
"2023-05-02","70864"
"2023-05-03","15544"
"2023-05-04","508747"
"2023-05-05","12262"
"2023-05-06","13647"
"2023-05-07","38568"
"2023-05-08","651180"
"2023-05-09","10567"
"2023-05-10","5592"
"2023-05-11","8117"
"2023-05-12","8258"
"2023-05-13","1313"
"2023-05-14","518"
"2023-05-15","269408"
"2023-05-16","4355"
"2023-05-18","1410"
"2023-05-19","33923"
"2023-05-20","54"
"2023-05-21","102"
"2023-05-22","1808"
"2023-05-23","5205"
"2023-05-24","2636"
"2023-05-27","13"
"2023-05-28","1730"
"2023-05-29","454"
"2023-05-30","1103"
"2023-05-31","1914"
"2023-06-01","138"
"2023-06-02","1442"
"2023-06-03","3237"
"2023-06-04","1938"
"2023-06-05","563"
"2023-06-06","500"
"2023-06-07","1867"
"2023-06-08","796"
"2023-06-09","19886"
"2023-06-10","1509"
"2023-06-11","66"
"2023-06-12","139799"
"2023-06-13","381"
"2023-06-14","2263"
"2023-06-15","525"
"2023-06-16","256608"
"2023-06-17","581"
"2023-06-18","369"
"2023-06-19","1182"
"2023-06-20","1562"
"2023-06-21","610"
"2023-06-22","463"
"2023-06-23","1098"
"2023-06-24","90"
"2023-06-26","1540"
"2023-06-27","336"
"2023-06-28","202"
"2023-06-29","673"
"2023-06-30","290"
"2023-07-01","100"
"2023-07-03","126"
"2023-07-04","147"
"2023-07-05","227"
"2023-07-06","14"
"2023-07-07","14"
"2023-07-10","110"
"2023-07-12","1875"
"2023-07-13","36"
"2023-07-14","415549"
"2023-07-15","2"
"2023-07-17","14"
"2023-07-19","39"
"2023-07-20","17"
"2023-07-21","5"
"2023-07-22","35"
"2023-07-24","14"
"2023-07-25","39"
"2023-07-27","17"
"2023-07-28","359"
"2023-07-31","1986"
"2023-08-01","1742"
"2023-08-02","164188"
"2023-08-03","3001"
"2023-08-04","2446"
"2023-08-05","1704"
"2023-08-06","184"
"2023-08-07","1324"
"2023-08-08","1430"
"2023-08-09","1204"
"2023-08-10","1765"
"2023-08-11","1204"
"2023-08-12","714"
"2023-08-13","80"
"2023-08-14","4874"
"2023-08-15","1626"
"2023-08-16","365"
"2023-08-17","1636"
"2023-08-18","1203"
"2023-08-19","1207"
"2023-08-20","576"
"2023-08-21","3696"
"2023-08-22","2605"
"2023-08-23","2643"
"2023-08-24","2312"
"2023-08-25","990"
"2023-08-26","1545"
"2023-08-27","310"
"2023-08-28","3401"
"2023-08-29","1235"
"2023-08-30","2844"
"2023-08-31","1563"
"2023-09-01","2163"
"2023-09-02","2370"
"2023-09-03","1208"
"2023-09-04","1805"
"2023-09-05","38"
"2023-09-06","1784"
